id,label
0,reformasi
1,pertahanan
2,sdm
3,sdm
4,reformasi
5,ideologi
6,reformasi
7,ideologi
8,harmoni
9,ideologi
10,ideologi
11,pertahanan
12,pertahanan
13,reformasi
14,pertahanan
15,reformasi
16,reformasi
17,sdm
18,reformasi
19,ideologi
20,pekerjaan
21,pemerataan
22,pertahanan
23,ideologi
24,pertahanan
25,harmoni
26,reformasi
27,ideologi
28,ideologi
29,sdm
30,pertahanan
31,sdm
32,pekerjaan
33,reformasi
34,reformasi
35,reformasi
36,ideologi
37,reformasi
38,sdm
39,sdm
40,sdm
41,pemerataan
42,pertahanan
43,reformasi
44,pertahanan
45,ideologi
46,pertahanan
47,reformasi
48,reformasi
49,reformasi
50,pekerjaan
51,ideologi
52,reformasi
53,pertahanan
54,reformasi
55,sdm
56,reformasi
57,reformasi
58,pertahanan
59,reformasi
60,reformasi
61,pertahanan
62,pekerjaan
63,reformasi
64,reformasi
65,pertahanan
66,reformasi
67,reformasi
68,hilirisasi
69,pekerjaan
70,pekerjaan
71,reformasi
72,reformasi
73,sdm
74,reformasi
75,pertahanan
76,ideologi
77,ideologi
78,reformasi
79,ideologi
80,ideologi
81,reformasi
82,pertahanan
83,pekerjaan
84,reformasi
85,reformasi
86,pekerjaan
87,sdm
88,ideologi
89,reformasi
90,ideologi
91,reformasi
92,reformasi
93,reformasi
94,reformasi
95,ideologi
96,pertahanan
97,ideologi
98,pertahanan
99,reformasi
100,reformasi
101,reformasi
102,reformasi
103,reformasi
104,pekerjaan
105,pemerataan
106,pertahanan
107,pertahanan
108,pertahanan
109,pekerjaan
110,reformasi
111,pertahanan
112,ideologi
113,pertahanan
114,ideologi
115,ideologi
116,reformasi
117,reformasi
118,ideologi
119,pertahanan
120,ideologi
121,reformasi
122,pertahanan
123,reformasi
124,pertahanan
125,reformasi
126,reformasi
127,pertahanan
128,pekerjaan
129,sdm
130,pertahanan
131,ideologi
132,pemerataan
133,pekerjaan
134,harmoni
135,pekerjaan
136,sdm
137,sdm
138,ideologi
139,reformasi
140,sdm
141,pertahanan
142,reformasi
143,reformasi
144,pertahanan
145,sdm
146,reformasi
147,reformasi
148,sdm
149,ideologi
150,pertahanan
151,sdm
152,ideologi
153,reformasi
154,reformasi
155,sdm
156,reformasi
157,pertahanan
158,ideologi
159,reformasi
160,reformasi
161,pekerjaan
162,pertahanan
163,reformasi
164,pertahanan
165,harmoni
166,pertahanan
167,pekerjaan
168,reformasi
169,ideologi
170,ideologi
171,reformasi
172,ideologi
173,reformasi
174,ideologi
175,ideologi
176,ideologi
177,reformasi
178,reformasi
179,hilirisasi
180,pertahanan
181,pertahanan
182,ideologi
183,ideologi
184,sdm
185,reformasi
186,reformasi
187,hilirisasi
188,reformasi
189,ideologi
190,ideologi
191,reformasi
192,reformasi
193,reformasi
194,pekerjaan
195,pertahanan
196,sdm
197,pekerjaan
198,sdm
199,hilirisasi
200,reformasi
201,reformasi
202,hilirisasi
203,pekerjaan
204,harmoni
205,reformasi
206,pekerjaan
207,pertahanan
208,ideologi
209,ideologi
210,reformasi
211,reformasi
212,ideologi
213,reformasi
214,ideologi
215,pertahanan
216,pekerjaan
217,ideologi
218,reformasi
219,reformasi
220,reformasi
221,reformasi
222,ideologi
223,sdm
224,reformasi
225,sdm
226,harmoni
227,pertahanan
228,reformasi
229,pekerjaan
230,reformasi
231,ideologi
232,pertahanan
233,pekerjaan
234,pertahanan
235,reformasi
236,reformasi
237,reformasi
238,reformasi
239,reformasi
240,ideologi
241,reformasi
242,pertahanan
243,reformasi
244,reformasi
245,ideologi
246,reformasi
247,sdm
248,reformasi
249,pertahanan
250,sdm
251,sdm
252,reformasi
253,reformasi
254,reformasi
255,pekerjaan
256,ideologi
257,pekerjaan
258,pekerjaan
259,reformasi
260,ideologi
261,pekerjaan
262,harmoni
263,ideologi
264,pertahanan
265,reformasi
266,ideologi
267,hilirisasi
268,reformasi
269,pertahanan
270,reformasi
271,ideologi
272,pertahanan
273,hilirisasi
274,reformasi
275,pekerjaan
276,reformasi
277,harmoni
278,pertahanan
279,harmoni
280,reformasi
281,pertahanan
282,pertahanan
283,reformasi
284,reformasi
285,pekerjaan
286,pertahanan
287,ideologi
288,reformasi
289,reformasi
290,reformasi
291,pekerjaan
292,ideologi
293,reformasi
294,sdm
295,ideologi
296,reformasi
297,ideologi
298,reformasi
299,pertahanan
300,reformasi
301,reformasi
302,pekerjaan
303,reformasi
304,pertahanan
305,pertahanan
306,pertahanan
307,reformasi
308,reformasi
309,reformasi
310,ideologi
311,sdm
312,reformasi
313,pekerjaan
314,pekerjaan
315,reformasi
316,pertahanan
317,pertahanan
318,pemerataan
319,ideologi
320,pertahanan
321,harmoni
322,pertahanan
323,ideologi
324,ideologi
325,ideologi
326,reformasi
327,pertahanan
328,pemerataan
329,reformasi
330,ideologi
331,harmoni
332,hilirisasi
333,pertahanan
334,pertahanan
335,reformasi
336,pertahanan
337,pemerataan
338,reformasi
339,reformasi
340,pekerjaan
341,reformasi
342,reformasi
343,hilirisasi
344,pekerjaan
345,pekerjaan
346,reformasi
347,ideologi
348,pertahanan
349,reformasi
350,reformasi
351,reformasi
352,pekerjaan
353,pekerjaan
354,ideologi
355,sdm
356,pekerjaan
357,reformasi
358,reformasi
359,pekerjaan
360,pekerjaan
361,reformasi
362,reformasi
363,sdm
364,pekerjaan
365,reformasi
366,ideologi
367,harmoni
368,pekerjaan
369,pertahanan
370,pertahanan
371,pekerjaan
372,reformasi
373,reformasi
374,reformasi
375,pertahanan
376,reformasi
377,pertahanan
378,pekerjaan
379,ideologi
380,sdm
381,ideologi
382,sdm
383,reformasi
384,pertahanan
385,sdm
386,sdm
387,ideologi
388,reformasi
389,pekerjaan
390,reformasi
391,ideologi
392,reformasi
393,pekerjaan
394,reformasi
395,pertahanan
396,sdm
397,ideologi
398,reformasi
399,reformasi
400,reformasi
401,reformasi
402,reformasi
403,reformasi
404,reformasi
405,sdm
406,reformasi
407,reformasi
408,pertahanan
409,reformasi
410,pekerjaan
411,reformasi
412,reformasi
413,reformasi
414,reformasi
415,pekerjaan
416,reformasi
417,reformasi
418,pertahanan
419,pekerjaan
420,pertahanan
421,reformasi
422,reformasi
423,ideologi
424,pertahanan
425,pekerjaan
426,pertahanan
427,harmoni
428,reformasi
429,pertahanan
430,pertahanan
431,reformasi
432,reformasi
433,ideologi
434,pekerjaan
435,pemerataan
436,ideologi
437,reformasi
438,pertahanan
439,ideologi
440,pertahanan
441,reformasi
442,pekerjaan
443,pekerjaan
444,ideologi
445,pertahanan
446,reformasi
447,reformasi
448,ideologi
449,pertahanan
450,reformasi
451,pekerjaan
452,pertahanan
453,pertahanan
454,pekerjaan
455,reformasi
456,ideologi
457,pertahanan
458,pekerjaan
459,sdm
460,sdm
461,pemerataan
462,sdm
463,ideologi
464,pertahanan
465,reformasi
466,reformasi
467,pertahanan
468,ideologi
469,ideologi
470,sdm
471,reformasi
472,reformasi
473,pertahanan
474,pertahanan
475,reformasi
476,reformasi
477,pertahanan
478,sdm
479,reformasi
480,pertahanan
481,reformasi
482,ideologi
483,ideologi
484,harmoni
485,harmoni
486,ideologi
487,reformasi
488,reformasi
489,sdm
490,sdm
491,reformasi
492,reformasi
493,sdm
494,harmoni
495,pertahanan
496,pertahanan
497,pertahanan
498,hilirisasi
499,reformasi
500,reformasi
501,reformasi
502,pertahanan
503,reformasi
504,reformasi
505,pekerjaan
506,ideologi
507,reformasi
508,reformasi
509,pertahanan
510,pekerjaan
511,reformasi
512,pekerjaan
513,sdm
514,reformasi
515,sdm
516,pemerataan
517,pemerataan
518,reformasi
519,reformasi
520,ideologi
521,reformasi
522,ideologi
523,reformasi
524,pertahanan
525,reformasi
526,pertahanan
527,sdm
528,pertahanan
529,ideologi
530,pekerjaan
531,pertahanan
532,ideologi
533,reformasi
534,harmoni
535,reformasi
536,reformasi
537,pemerataan
538,ideologi
539,reformasi
540,pertahanan
541,harmoni
542,reformasi
543,reformasi
544,reformasi
545,pertahanan
546,reformasi
547,reformasi
548,ideologi
549,reformasi
550,pekerjaan
551,ideologi
552,pertahanan
553,ideologi
554,sdm
555,sdm
556,ideologi
557,reformasi
558,pekerjaan
559,reformasi
560,pemerataan
561,pertahanan
562,pertahanan
563,ideologi
564,reformasi
565,reformasi
566,reformasi
567,reformasi
568,reformasi
569,reformasi
570,reformasi
571,sdm
572,ideologi
573,ideologi
574,reformasi
575,reformasi
576,reformasi
577,ideologi
578,ideologi
579,pertahanan
580,reformasi
581,reformasi
582,reformasi
583,sdm
584,reformasi
585,sdm
586,pekerjaan
587,pertahanan
588,pertahanan
589,reformasi
590,reformasi
591,reformasi
592,pertahanan
593,ideologi
594,reformasi
595,ideologi
596,harmoni
597,reformasi
598,pertahanan
599,reformasi
600,reformasi
601,ideologi
602,ideologi
603,sdm
604,ideologi
605,hilirisasi
606,reformasi
607,reformasi
608,pekerjaan
609,reformasi
610,pekerjaan
611,pertahanan
612,pekerjaan
613,pemerataan
614,reformasi
615,ideologi
616,reformasi
617,harmoni
618,sdm
619,pertahanan
620,reformasi
621,pekerjaan
622,ideologi
623,reformasi
624,reformasi
625,reformasi
626,pemerataan
627,reformasi
628,reformasi
629,ideologi
630,ideologi
631,pekerjaan
632,reformasi
633,sdm
634,sdm
635,ideologi
636,reformasi
637,ideologi
638,pertahanan
639,ideologi
640,pertahanan
641,reformasi
642,ideologi
643,ideologi
644,ideologi
645,reformasi
646,pertahanan
647,reformasi
648,pertahanan
649,reformasi
650,reformasi
651,pertahanan
652,pertahanan
653,ideologi
654,reformasi
655,pertahanan
656,reformasi
657,pekerjaan
658,reformasi
659,sdm
660,harmoni
661,reformasi
662,harmoni
663,ideologi
664,harmoni
665,reformasi
666,reformasi
667,pertahanan
668,reformasi
669,pekerjaan
670,ideologi
671,reformasi
672,pemerataan
673,sdm
674,sdm
675,reformasi
676,pertahanan
677,sdm
678,pertahanan
679,reformasi
680,pertahanan
681,ideologi
682,pertahanan
683,ideologi
684,sdm
685,reformasi
686,ideologi
687,ideologi
688,pertahanan
689,reformasi
690,reformasi
691,pekerjaan
692,pertahanan
693,harmoni
694,sdm
695,reformasi
696,ideologi
697,reformasi
698,reformasi
699,sdm
700,reformasi
701,reformasi
702,ideologi
703,ideologi
704,reformasi
705,ideologi
706,ideologi
707,sdm
708,reformasi
709,pekerjaan
710,harmoni
711,pekerjaan
712,reformasi
713,pertahanan
714,pekerjaan
715,harmoni
716,pertahanan
717,pekerjaan
718,pertahanan
719,sdm
720,pekerjaan
721,reformasi
722,sdm
723,pertahanan
724,pertahanan
725,pekerjaan
726,reformasi
727,harmoni
728,reformasi
729,reformasi
730,pemerataan
731,ideologi
732,sdm
733,reformasi
734,reformasi
735,reformasi
736,pertahanan
737,pertahanan
738,reformasi
739,pertahanan
740,pekerjaan
741,reformasi
742,ideologi
743,reformasi
744,sdm
745,pekerjaan
746,ideologi
747,pertahanan
748,ideologi
749,pekerjaan
750,ideologi
751,pertahanan
752,sdm
753,pertahanan
754,reformasi
755,pertahanan
756,pekerjaan
757,hilirisasi
758,pertahanan
759,reformasi
760,sdm
761,ideologi
762,pekerjaan
763,reformasi
764,reformasi
765,pertahanan
766,reformasi
767,reformasi
768,ideologi
769,reformasi
770,reformasi
771,ideologi
772,sdm
773,reformasi
774,reformasi
775,ideologi
776,reformasi
777,reformasi
778,ideologi
779,ideologi
780,reformasi
781,pertahanan
782,sdm
783,pertahanan
784,ideologi
785,sdm
786,reformasi
787,reformasi
788,reformasi
789,pekerjaan
790,reformasi
791,reformasi
792,reformasi
793,reformasi
794,reformasi
795,pemerataan
796,pekerjaan
797,pertahanan
798,pekerjaan
799,sdm
800,ideologi
801,pertahanan
802,reformasi
803,ideologi
804,pemerataan
805,reformasi
806,reformasi
807,ideologi
808,reformasi
809,reformasi
810,reformasi
811,reformasi
812,pekerjaan
813,pertahanan
814,ideologi
815,ideologi
816,reformasi
817,pemerataan
818,ideologi
819,reformasi
820,pertahanan
821,sdm
822,pertahanan
823,ideologi
824,ideologi
825,hilirisasi
826,reformasi
827,ideologi
828,reformasi
829,reformasi
830,reformasi
831,ideologi
832,hilirisasi
833,ideologi
834,reformasi
835,reformasi
836,reformasi
837,reformasi
838,pekerjaan
839,ideologi
840,pertahanan
841,ideologi
842,reformasi
843,reformasi
844,reformasi
845,ideologi
846,reformasi
847,pemerataan
848,ideologi
849,harmoni
850,sdm
851,pertahanan
852,reformasi
853,reformasi
854,ideologi
855,sdm
856,ideologi
857,harmoni
858,reformasi
859,sdm
860,pemerataan
861,pertahanan
862,reformasi
863,pertahanan
864,pertahanan
865,reformasi
866,pertahanan
867,ideologi
868,sdm
869,sdm
870,reformasi
871,reformasi
872,reformasi
873,pertahanan
874,reformasi
875,reformasi
876,ideologi
877,reformasi
878,ideologi
879,pekerjaan
880,reformasi
881,reformasi
882,sdm
883,reformasi
884,pekerjaan
885,harmoni
886,ideologi
887,reformasi
888,reformasi
889,ideologi
890,reformasi
891,sdm
892,sdm
893,sdm
894,ideologi
895,pertahanan
896,ideologi
897,ideologi
898,ideologi
899,reformasi
900,reformasi
901,ideologi
902,sdm
903,reformasi
904,pertahanan
905,reformasi
906,ideologi
907,ideologi
908,pemerataan
909,pekerjaan
910,pertahanan
911,hilirisasi
912,pertahanan
913,pemerataan
914,reformasi
915,pertahanan
916,ideologi
917,pekerjaan
918,reformasi
919,pertahanan
920,reformasi
921,pekerjaan
922,reformasi
923,sdm
924,sdm
925,pertahanan
926,ideologi
927,sdm
928,pertahanan
929,pertahanan
930,reformasi
931,pertahanan
932,ideologi
933,reformasi
934,ideologi
935,sdm
936,harmoni
937,sdm
938,pertahanan
939,pekerjaan
940,pertahanan
941,reformasi
942,reformasi
943,reformasi
944,pertahanan
945,reformasi
946,reformasi
947,reformasi
948,reformasi
949,reformasi
950,sdm
951,pekerjaan
952,pertahanan
953,pekerjaan
954,reformasi
955,reformasi
956,pekerjaan
957,reformasi
958,reformasi
959,hilirisasi
960,pekerjaan
961,sdm
962,pertahanan
963,ideologi
964,pemerataan
965,ideologi
966,ideologi
967,ideologi
968,reformasi
969,reformasi
970,reformasi
971,ideologi
972,reformasi
973,ideologi
974,reformasi
975,reformasi
976,ideologi
977,harmoni
978,pekerjaan
979,pemerataan
980,ideologi
981,reformasi
982,sdm
983,ideologi
984,pekerjaan
985,ideologi
986,ideologi
987,ideologi
988,reformasi
989,reformasi
990,reformasi
991,reformasi
992,pekerjaan
993,pertahanan
994,ideologi
995,sdm
996,reformasi
997,pertahanan
998,pertahanan
999,pekerjaan
1000,pekerjaan
1001,pertahanan
1002,sdm
1003,pertahanan
1004,sdm
1005,pertahanan
1006,reformasi
1007,reformasi
1008,ideologi
1009,harmoni
1010,reformasi
1011,pertahanan
1012,reformasi
1013,sdm
1014,reformasi
1015,sdm
1016,reformasi
1017,reformasi
1018,ideologi
1019,sdm
1020,hilirisasi
1021,reformasi
1022,ideologi
1023,reformasi
1024,reformasi
1025,ideologi
1026,pertahanan
1027,hilirisasi
1028,reformasi
1029,pemerataan
1030,ideologi
1031,reformasi
1032,reformasi
1033,pekerjaan
1034,sdm
1035,pertahanan
1036,reformasi
1037,reformasi
1038,reformasi
1039,sdm
1040,ideologi
1041,pemerataan
1042,reformasi
1043,pertahanan
1044,ideologi
1045,sdm
1046,reformasi
1047,reformasi
1048,ideologi
1049,sdm
1050,ideologi
1051,pertahanan
1052,pemerataan
1053,ideologi
1054,pertahanan
1055,harmoni
1056,ideologi
1057,pertahanan
1058,hilirisasi
1059,reformasi
1060,pertahanan
1061,pertahanan
1062,pertahanan
1063,reformasi
1064,reformasi
1065,pekerjaan
1066,sdm
1067,pertahanan
1068,ideologi
1069,pertahanan
1070,reformasi
1071,sdm
1072,reformasi
1073,pertahanan
1074,reformasi
1075,pekerjaan
1076,reformasi
1077,reformasi
1078,reformasi
1079,reformasi
1080,pekerjaan
1081,reformasi
1082,reformasi
1083,sdm
1084,reformasi
1085,pekerjaan
1086,ideologi
1087,reformasi
1088,pertahanan
1089,reformasi
1090,reformasi
1091,pekerjaan
1092,reformasi
1093,pertahanan
1094,reformasi
1095,pekerjaan
1096,reformasi
1097,sdm
1098,pertahanan
1099,sdm
1100,reformasi
1101,reformasi
1102,pemerataan
1103,pertahanan
1104,reformasi
1105,pertahanan
1106,sdm
1107,reformasi
1108,ideologi
1109,harmoni
1110,reformasi
1111,pertahanan
1112,pertahanan
1113,pertahanan
1114,reformasi
1115,reformasi
1116,pertahanan
1117,pekerjaan
1118,ideologi
1119,ideologi
1120,ideologi
1121,hilirisasi
1122,sdm
1123,pertahanan
1124,pekerjaan
1125,harmoni
1126,pekerjaan
1127,pertahanan
1128,reformasi
1129,pertahanan
1130,pertahanan
1131,reformasi
1132,reformasi
1133,harmoni
1134,reformasi
1135,pertahanan
1136,ideologi
1137,reformasi
1138,reformasi
1139,reformasi
1140,reformasi
1141,pemerataan
1142,pertahanan
1143,reformasi
1144,ideologi
1145,reformasi
1146,ideologi
1147,reformasi
1148,pekerjaan
1149,reformasi
1150,pertahanan
1151,pertahanan
1152,ideologi
1153,reformasi
1154,ideologi
1155,reformasi
1156,ideologi
1157,reformasi
1158,pertahanan
1159,reformasi
1160,reformasi
1161,pertahanan
1162,pekerjaan
1163,sdm
1164,harmoni
1165,harmoni
1166,reformasi
1167,reformasi
1168,reformasi
1169,pertahanan
1170,reformasi
1171,pertahanan
1172,reformasi
1173,pekerjaan
1174,hilirisasi
1175,reformasi
1176,ideologi
1177,pertahanan
1178,sdm
1179,pertahanan
1180,ideologi
1181,pekerjaan
1182,reformasi
1183,pertahanan
1184,hilirisasi
1185,pekerjaan
1186,pekerjaan
1187,ideologi
1188,ideologi
1189,ideologi
1190,ideologi
1191,ideologi
1192,sdm
1193,reformasi
1194,reformasi
1195,reformasi
1196,pertahanan
1197,ideologi
1198,ideologi
1199,ideologi
1200,ideologi
1201,reformasi
1202,ideologi
1203,reformasi
1204,pekerjaan
1205,ideologi
1206,ideologi
1207,reformasi
1208,pertahanan
1209,reformasi
1210,ideologi
1211,hilirisasi
1212,reformasi
1213,reformasi
1214,reformasi
1215,pekerjaan
1216,reformasi
1217,harmoni
1218,pertahanan
1219,pekerjaan
1220,reformasi
1221,pekerjaan
1222,pertahanan
1223,ideologi
1224,reformasi
1225,ideologi
1226,harmoni
1227,sdm
1228,pertahanan
1229,reformasi
1230,harmoni
1231,reformasi
1232,ideologi
1233,ideologi
1234,reformasi
1235,ideologi
1236,reformasi
1237,reformasi
1238,reformasi
1239,pekerjaan
1240,ideologi
1241,ideologi
1242,reformasi
1243,harmoni
1244,sdm
1245,ideologi
1246,pertahanan
1247,reformasi
1248,reformasi
1249,hilirisasi
1250,pertahanan
1251,ideologi
1252,reformasi
1253,pemerataan
1254,pertahanan
1255,harmoni
1256,reformasi
1257,reformasi
1258,hilirisasi
1259,harmoni
1260,ideologi
1261,pertahanan
1262,reformasi
1263,pertahanan
1264,ideologi
1265,pertahanan
1266,ideologi
1267,pertahanan
1268,reformasi
1269,pertahanan
1270,ideologi
1271,reformasi
1272,ideologi
1273,ideologi
1274,sdm
1275,pertahanan
1276,pekerjaan
1277,reformasi
1278,reformasi
1279,pekerjaan
1280,reformasi
1281,reformasi
1282,reformasi
1283,pertahanan
1284,pertahanan
1285,pertahanan
1286,reformasi
1287,ideologi
1288,reformasi
1289,reformasi
1290,reformasi
1291,ideologi
1292,pertahanan
1293,ideologi
1294,reformasi
1295,reformasi
1296,reformasi
1297,ideologi
1298,ideologi
1299,reformasi
1300,pertahanan
1301,reformasi
1302,reformasi
1303,pertahanan
1304,reformasi
1305,reformasi
1306,hilirisasi
1307,ideologi
1308,pemerataan
1309,ideologi
1310,pertahanan
1311,reformasi
1312,reformasi
1313,pertahanan
1314,reformasi
1315,pertahanan
1316,reformasi
1317,reformasi
1318,reformasi
1319,hilirisasi
1320,pertahanan
1321,sdm
1322,pertahanan
1323,pekerjaan
1324,reformasi
1325,pekerjaan
1326,reformasi
1327,harmoni
1328,harmoni
1329,ideologi
1330,reformasi
1331,pertahanan
1332,pekerjaan
1333,ideologi
1334,ideologi
1335,sdm
1336,reformasi
1337,pekerjaan
1338,reformasi
1339,sdm
1340,sdm
1341,sdm
1342,pekerjaan
1343,harmoni
1344,pertahanan
1345,sdm
1346,pekerjaan
1347,reformasi
1348,pertahanan
1349,reformasi
1350,pertahanan
1351,pemerataan
1352,pekerjaan
1353,pertahanan
1354,ideologi
1355,reformasi
1356,harmoni
1357,reformasi
1358,sdm
1359,harmoni
1360,reformasi
1361,sdm
1362,reformasi
1363,pekerjaan
1364,reformasi
1365,sdm
1366,sdm
1367,pekerjaan
1368,ideologi
1369,reformasi
1370,ideologi
1371,reformasi
1372,pertahanan
1373,reformasi
1374,sdm
1375,pekerjaan
1376,ideologi
1377,sdm
1378,pertahanan
1379,ideologi
1380,reformasi
1381,pertahanan
1382,pertahanan
1383,reformasi
1384,sdm
1385,reformasi
1386,sdm
1387,pertahanan
1388,pertahanan
1389,ideologi
1390,pekerjaan
1391,sdm
1392,reformasi
1393,sdm
1394,reformasi
1395,hilirisasi
1396,pertahanan
1397,sdm
1398,sdm
1399,reformasi
1400,pertahanan
1401,ideologi
1402,pertahanan
1403,harmoni
1404,reformasi
1405,pertahanan
1406,reformasi
1407,pemerataan
1408,ideologi
1409,ideologi
1410,reformasi
1411,ideologi
1412,pertahanan
1413,reformasi
1414,harmoni
1415,reformasi
1416,reformasi
1417,reformasi
1418,reformasi
1419,ideologi
1420,ideologi
1421,pertahanan
1422,pertahanan
1423,reformasi
1424,sdm
1425,pertahanan
1426,reformasi
1427,reformasi
1428,pertahanan
1429,reformasi
1430,reformasi
1431,reformasi
1432,reformasi
1433,sdm
1434,reformasi
1435,reformasi
1436,pertahanan
1437,reformasi
1438,pertahanan
1439,pertahanan
1440,pekerjaan
1441,reformasi
1442,reformasi
1443,reformasi
1444,reformasi
1445,pekerjaan
1446,reformasi
1447,pertahanan
1448,harmoni
1449,reformasi
1450,sdm
1451,reformasi
1452,sdm
1453,pekerjaan
1454,pertahanan
1455,reformasi
1456,pertahanan
1457,ideologi
1458,reformasi
1459,pertahanan
1460,ideologi
1461,reformasi
1462,pekerjaan
1463,pertahanan
1464,pertahanan
1465,pertahanan
1466,reformasi
1467,pemerataan
1468,pertahanan
1469,reformasi
1470,ideologi
1471,ideologi
1472,ideologi
1473,ideologi
1474,pekerjaan
1475,reformasi
1476,reformasi
1477,sdm
1478,reformasi
1479,ideologi
1480,reformasi
1481,reformasi
1482,pertahanan
1483,pekerjaan
1484,pemerataan
1485,pekerjaan
1486,reformasi
1487,ideologi
1488,pekerjaan
1489,pertahanan
1490,pertahanan
1491,ideologi
1492,reformasi
1493,pertahanan
1494,pertahanan
1495,sdm
1496,ideologi
1497,pertahanan
1498,ideologi
1499,reformasi
1500,reformasi
1501,reformasi
1502,pemerataan
1503,pertahanan
1504,ideologi
1505,harmoni
1506,hilirisasi
1507,pertahanan
1508,reformasi
1509,hilirisasi
1510,ideologi
1511,reformasi
1512,reformasi
1513,reformasi
1514,ideologi
1515,reformasi
1516,pertahanan
1517,reformasi
1518,pertahanan
1519,sdm
1520,reformasi
1521,pertahanan
1522,reformasi
1523,pertahanan
1524,ideologi
1525,reformasi
1526,reformasi
1527,pertahanan
1528,reformasi
1529,sdm
1530,reformasi
1531,reformasi
1532,pertahanan
1533,pertahanan
1534,pertahanan
1535,ideologi
1536,pekerjaan
1537,ideologi
1538,sdm
1539,reformasi
1540,reformasi
1541,harmoni
1542,ideologi
1543,reformasi
1544,hilirisasi
1545,reformasi
1546,reformasi
1547,reformasi
1548,pemerataan
1549,pertahanan
1550,pemerataan
1551,pekerjaan
1552,pekerjaan
1553,pertahanan
1554,pertahanan
1555,pekerjaan
1556,sdm
1557,ideologi
1558,reformasi
1559,pertahanan
1560,pertahanan
1561,ideologi
1562,pertahanan
1563,pertahanan
1564,pekerjaan
1565,sdm
1566,ideologi
1567,pekerjaan
1568,reformasi
1569,ideologi
1570,pemerataan
1571,pertahanan
1572,reformasi
1573,pemerataan
1574,sdm
1575,pertahanan
1576,ideologi
1577,reformasi
1578,sdm
1579,ideologi
1580,ideologi
1581,reformasi
1582,reformasi
1583,hilirisasi
1584,pertahanan
1585,hilirisasi
1586,reformasi
1587,hilirisasi
1588,reformasi
1589,sdm
1590,sdm
1591,pertahanan
1592,reformasi
1593,reformasi
1594,reformasi
1595,sdm
1596,sdm
1597,reformasi
1598,reformasi
1599,reformasi
1600,ideologi
1601,pekerjaan
1602,ideologi
1603,reformasi
1604,reformasi
1605,sdm
1606,reformasi
1607,reformasi
1608,pekerjaan
1609,sdm
1610,ideologi
1611,pertahanan
1612,ideologi
1613,pertahanan
1614,reformasi
1615,sdm
1616,pertahanan
1617,reformasi
1618,reformasi
1619,pertahanan
1620,reformasi
1621,ideologi
1622,pertahanan
1623,reformasi
1624,pertahanan
1625,sdm
1626,reformasi
1627,ideologi
1628,ideologi
1629,reformasi
1630,reformasi
1631,pertahanan
1632,pertahanan
1633,reformasi
1634,ideologi
1635,pekerjaan
1636,hilirisasi
1637,harmoni
1638,reformasi
1639,pekerjaan
1640,pekerjaan
1641,hilirisasi
1642,reformasi
1643,reformasi
1644,ideologi
1645,reformasi
1646,reformasi
1647,reformasi
1648,harmoni
1649,pekerjaan
1650,harmoni
1651,ideologi
1652,pertahanan
1653,reformasi
1654,pekerjaan
1655,pemerataan
1656,reformasi
1657,reformasi
1658,reformasi
1659,reformasi
1660,reformasi
1661,ideologi
1662,ideologi
1663,reformasi
1664,pertahanan
1665,reformasi
1666,reformasi
1667,pekerjaan
1668,ideologi
1669,reformasi
1670,sdm
1671,pemerataan
1672,reformasi
1673,sdm
1674,ideologi
1675,pekerjaan
1676,pemerataan
1677,pertahanan
1678,sdm
1679,pertahanan
1680,pekerjaan
1681,pekerjaan
1682,ideologi
1683,reformasi
1684,ideologi
1685,reformasi
1686,sdm
1687,pertahanan
1688,reformasi
1689,pertahanan
1690,ideologi
1691,reformasi
1692,pertahanan
1693,reformasi
1694,ideologi
1695,pertahanan
1696,reformasi
1697,ideologi
1698,reformasi
1699,ideologi
1700,reformasi
1701,pekerjaan
1702,ideologi
1703,reformasi
1704,ideologi
1705,harmoni
1706,sdm
1707,pertahanan
1708,ideologi
1709,reformasi
1710,reformasi
1711,ideologi
1712,pekerjaan
1713,reformasi
1714,ideologi
1715,pertahanan
1716,ideologi
1717,harmoni
1718,reformasi
1719,reformasi
1720,pertahanan
1721,reformasi
1722,ideologi
1723,reformasi
1724,harmoni
1725,reformasi
1726,hilirisasi
1727,reformasi
1728,pertahanan
1729,reformasi
1730,reformasi
1731,harmoni
1732,harmoni
1733,reformasi
1734,reformasi
1735,reformasi
1736,harmoni
1737,reformasi
1738,reformasi
1739,sdm
1740,reformasi
1741,ideologi
1742,ideologi
1743,hilirisasi
1744,reformasi
1745,reformasi
1746,reformasi
1747,reformasi
1748,pemerataan
1749,ideologi
1750,ideologi
1751,reformasi
1752,pertahanan
1753,hilirisasi
1754,pekerjaan
1755,sdm
1756,sdm
1757,pertahanan
1758,harmoni
1759,reformasi
1760,reformasi
1761,pekerjaan
1762,pertahanan
1763,pekerjaan
1764,reformasi
1765,pekerjaan
1766,reformasi
1767,ideologi
1768,reformasi
1769,ideologi
1770,pertahanan
1771,reformasi
1772,pertahanan
1773,reformasi
1774,ideologi
1775,ideologi
1776,reformasi
1777,pemerataan
1778,ideologi
1779,pekerjaan
1780,reformasi
1781,sdm
1782,reformasi
1783,reformasi
1784,pekerjaan
1785,pertahanan
1786,reformasi
1787,ideologi
1788,reformasi
1789,pekerjaan
1790,ideologi
1791,pekerjaan
1792,pertahanan
1793,sdm
1794,reformasi
1795,pertahanan
1796,pertahanan
1797,reformasi
1798,ideologi
1799,pertahanan
1800,reformasi
1801,reformasi
1802,pertahanan
1803,ideologi
1804,reformasi
1805,reformasi
1806,pertahanan
1807,harmoni
1808,reformasi
1809,reformasi
1810,reformasi
1811,ideologi
1812,reformasi
1813,reformasi
1814,reformasi
1815,pertahanan
1816,hilirisasi
1817,pertahanan
1818,ideologi
1819,reformasi
1820,pekerjaan
1821,pemerataan
1822,sdm
1823,ideologi
1824,reformasi
1825,pertahanan
1826,sdm
1827,reformasi
1828,reformasi
1829,sdm
1830,reformasi
1831,pekerjaan
1832,pekerjaan
1833,reformasi
1834,reformasi
1835,reformasi
1836,harmoni
1837,pekerjaan
1838,pertahanan
1839,reformasi
1840,reformasi
1841,sdm
1842,reformasi
1843,reformasi
1844,pertahanan
1845,sdm
1846,reformasi
1847,ideologi
1848,ideologi
1849,reformasi
1850,sdm
1851,reformasi
1852,ideologi
1853,pemerataan
1854,ideologi
1855,reformasi
1856,pertahanan
1857,reformasi
1858,reformasi
1859,ideologi
1860,reformasi
1861,pertahanan
1862,reformasi
1863,ideologi
1864,pertahanan
1865,pekerjaan
1866,reformasi
1867,sdm
1868,ideologi
1869,ideologi
1870,reformasi
1871,pertahanan
1872,sdm
1873,reformasi
1874,pertahanan
1875,sdm
1876,reformasi
1877,hilirisasi
1878,pertahanan
1879,pekerjaan
1880,reformasi
1881,pekerjaan
1882,ideologi
1883,pertahanan
1884,pertahanan
1885,pertahanan
1886,reformasi
1887,ideologi
1888,reformasi
1889,pertahanan
1890,pertahanan
1891,sdm
1892,reformasi
1893,reformasi
1894,ideologi
1895,pertahanan
1896,ideologi
1897,ideologi
1898,ideologi
1899,reformasi
1900,reformasi
1901,harmoni
1902,pertahanan
1903,pertahanan
1904,reformasi
1905,reformasi
1906,ideologi
1907,ideologi
1908,reformasi
1909,pertahanan
1910,hilirisasi
1911,ideologi
1912,reformasi
1913,ideologi
1914,reformasi
1915,pertahanan
1916,sdm
1917,pertahanan
1918,reformasi
1919,pertahanan
1920,ideologi
1921,ideologi
1922,ideologi
1923,reformasi
1924,reformasi
1925,pekerjaan
1926,pertahanan
1927,pemerataan
1928,pekerjaan
1929,reformasi
1930,pertahanan
1931,harmoni
1932,reformasi
1933,harmoni
1934,reformasi
1935,pemerataan
1936,sdm
1937,pemerataan
1938,ideologi
1939,sdm
1940,reformasi
1941,reformasi
1942,ideologi
1943,pertahanan
1944,ideologi
1945,reformasi
1946,pekerjaan
1947,sdm
1948,harmoni
1949,reformasi
1950,pertahanan
1951,hilirisasi
1952,pertahanan
1953,pekerjaan
1954,ideologi
1955,pekerjaan
1956,pertahanan
1957,pertahanan
1958,pertahanan
1959,reformasi
1960,reformasi
1961,ideologi
1962,hilirisasi
1963,pertahanan
1964,reformasi
1965,sdm
1966,pertahanan
1967,pertahanan
1968,reformasi
1969,pekerjaan
1970,reformasi
1971,pekerjaan
1972,reformasi
1973,sdm
1974,pertahanan
1975,pekerjaan
1976,sdm
1977,reformasi
1978,reformasi
1979,pertahanan
1980,reformasi
1981,reformasi
1982,pekerjaan
1983,pertahanan
1984,reformasi
1985,sdm
1986,sdm
1987,harmoni
1988,pekerjaan
1989,ideologi
1990,reformasi
1991,reformasi
1992,pertahanan
1993,ideologi
1994,reformasi
1995,reformasi
1996,reformasi
1997,pekerjaan
1998,pertahanan
1999,reformasi
2000,reformasi
2001,sdm
2002,pertahanan
2003,pekerjaan
2004,pemerataan
2005,ideologi
2006,reformasi
2007,reformasi
2008,harmoni
2009,reformasi
2010,sdm
2011,harmoni
2012,pertahanan
2013,reformasi
2014,ideologi
2015,ideologi
2016,harmoni
2017,pekerjaan
2018,hilirisasi
2019,ideologi
2020,ideologi
2021,pertahanan
2022,sdm
2023,ideologi
2024,hilirisasi
2025,reformasi
2026,ideologi
2027,reformasi
2028,reformasi
2029,pertahanan
2030,reformasi
2031,reformasi
2032,reformasi
2033,pertahanan
2034,reformasi
2035,pertahanan
2036,reformasi
2037,reformasi
2038,ideologi
2039,reformasi
2040,reformasi
2041,reformasi
2042,ideologi
2043,pertahanan
2044,pertahanan
2045,ideologi
2046,sdm
2047,pemerataan
2048,pekerjaan
2049,ideologi
2050,pekerjaan
2051,reformasi
2052,ideologi
2053,pertahanan
2054,ideologi
2055,reformasi
2056,reformasi
2057,pemerataan
2058,reformasi
2059,pertahanan
2060,hilirisasi
2061,pertahanan
2062,sdm
2063,reformasi
2064,ideologi
2065,pertahanan
2066,sdm
2067,reformasi
2068,pertahanan
2069,ideologi
2070,pertahanan
2071,reformasi
2072,pertahanan
2073,ideologi
2074,reformasi
2075,pertahanan
2076,ideologi
2077,ideologi
2078,pertahanan
2079,ideologi
2080,ideologi
2081,pertahanan
2082,pemerataan
2083,reformasi
2084,ideologi
2085,pekerjaan
2086,pertahanan
2087,ideologi
2088,pertahanan
2089,reformasi
2090,reformasi
2091,pertahanan
2092,pertahanan
2093,pertahanan
2094,sdm
2095,reformasi
2096,ideologi
2097,hilirisasi
2098,pertahanan
2099,ideologi
2100,harmoni
2101,ideologi
2102,pertahanan
2103,pekerjaan
2104,pertahanan
2105,reformasi
2106,harmoni
2107,ideologi
2108,reformasi
2109,ideologi
2110,sdm
2111,reformasi
2112,pekerjaan
2113,pertahanan
2114,reformasi
2115,reformasi
2116,reformasi
2117,reformasi
2118,reformasi
2119,pekerjaan
2120,reformasi
2121,pekerjaan
2122,pekerjaan
2123,reformasi
2124,sdm
2125,reformasi
2126,reformasi
2127,reformasi
2128,reformasi
2129,hilirisasi
2130,pekerjaan
2131,reformasi
2132,hilirisasi
2133,pekerjaan
2134,pemerataan
2135,harmoni
2136,reformasi
2137,reformasi
2138,pertahanan
2139,reformasi
2140,pekerjaan
2141,pertahanan
2142,reformasi
2143,sdm
2144,pekerjaan
2145,pertahanan
2146,reformasi
2147,pemerataan
2148,reformasi
2149,pekerjaan
2150,reformasi
2151,pekerjaan
2152,pekerjaan
2153,pemerataan
2154,ideologi
2155,sdm
2156,sdm
2157,reformasi
2158,reformasi
2159,hilirisasi
2160,reformasi
2161,pemerataan
2162,reformasi
2163,sdm
2164,reformasi
2165,sdm
2166,sdm
2167,reformasi
2168,hilirisasi
2169,reformasi
2170,sdm
2171,pekerjaan
2172,reformasi
2173,pertahanan
2174,reformasi
2175,pekerjaan
2176,pekerjaan
2177,harmoni
2178,ideologi
2179,sdm
2180,pertahanan
2181,reformasi
2182,reformasi
2183,pertahanan
2184,reformasi
2185,reformasi
2186,pertahanan
2187,reformasi
2188,reformasi
2189,sdm
2190,pekerjaan
2191,ideologi
2192,reformasi
2193,ideologi
2194,reformasi
2195,pekerjaan
2196,ideologi
2197,ideologi
2198,reformasi
2199,reformasi
2200,reformasi
2201,reformasi
2202,pertahanan
2203,ideologi
2204,pekerjaan
2205,pekerjaan
2206,harmoni
2207,pertahanan
2208,sdm
2209,ideologi
2210,reformasi
2211,harmoni
2212,pekerjaan
2213,pertahanan
2214,pekerjaan
2215,reformasi
2216,pekerjaan
2217,reformasi
2218,pertahanan
2219,pekerjaan
2220,ideologi
2221,reformasi
2222,reformasi
2223,reformasi
2224,pertahanan
2225,reformasi
2226,pertahanan
2227,hilirisasi
2228,reformasi
2229,reformasi
2230,reformasi
2231,pertahanan
2232,reformasi
2233,pertahanan
2234,ideologi
2235,reformasi
2236,reformasi
2237,pertahanan
2238,ideologi
2239,sdm
2240,ideologi
2241,pertahanan
2242,reformasi
2243,reformasi
2244,reformasi
2245,pekerjaan
2246,ideologi
2247,pertahanan
2248,pekerjaan
2249,pertahanan
2250,ideologi
2251,ideologi
2252,sdm
2253,ideologi
2254,reformasi
2255,ideologi
2256,pertahanan
2257,ideologi
2258,reformasi
2259,reformasi
2260,pekerjaan
2261,ideologi
2262,hilirisasi
2263,ideologi
2264,sdm
2265,pertahanan
2266,ideologi
2267,reformasi
2268,pemerataan
2269,pertahanan
2270,pemerataan
2271,hilirisasi
2272,reformasi
2273,reformasi
2274,ideologi
2275,pertahanan
2276,sdm
2277,pekerjaan
2278,hilirisasi
2279,reformasi
2280,reformasi
2281,ideologi
2282,pertahanan
2283,reformasi
2284,pertahanan
2285,reformasi
2286,reformasi
2287,pertahanan
2288,reformasi
2289,pekerjaan
2290,pekerjaan
2291,ideologi
2292,sdm
2293,pertahanan
2294,sdm
2295,ideologi
2296,pertahanan
2297,reformasi
2298,pertahanan
2299,pekerjaan
2300,pertahanan
2301,sdm
2302,ideologi
2303,ideologi
2304,ideologi
2305,reformasi
2306,harmoni
2307,ideologi
2308,reformasi
2309,reformasi
2310,pekerjaan
2311,sdm
2312,reformasi
2313,reformasi
2314,ideologi
2315,pertahanan
2316,reformasi
2317,pertahanan
2318,ideologi
2319,reformasi
2320,hilirisasi
2321,hilirisasi
2322,ideologi
2323,hilirisasi
2324,reformasi
2325,pertahanan
2326,sdm
2327,hilirisasi
2328,pemerataan
2329,reformasi
2330,reformasi
2331,reformasi
2332,reformasi
2333,ideologi
2334,reformasi
2335,pekerjaan
2336,reformasi
2337,reformasi
2338,hilirisasi
2339,pertahanan
2340,reformasi
2341,reformasi
2342,pertahanan
2343,pertahanan
2344,sdm
2345,sdm
2346,ideologi
2347,ideologi
2348,pertahanan
2349,pertahanan
2350,pemerataan
2351,sdm
2352,sdm
2353,reformasi
2354,ideologi
2355,reformasi
2356,harmoni
2357,reformasi
2358,pertahanan
2359,sdm
2360,reformasi
2361,sdm
2362,sdm
2363,sdm
2364,reformasi
2365,reformasi
2366,pertahanan
2367,pertahanan
2368,reformasi
2369,pertahanan
2370,pertahanan
2371,harmoni
2372,ideologi
2373,reformasi
2374,ideologi
2375,harmoni
2376,ideologi
2377,reformasi
2378,sdm
2379,reformasi
2380,reformasi
2381,ideologi
2382,pertahanan
2383,pekerjaan
2384,reformasi
2385,reformasi
2386,reformasi
2387,reformasi
2388,reformasi
2389,reformasi
2390,pertahanan
2391,pertahanan
2392,ideologi
2393,reformasi
2394,reformasi
2395,pertahanan
2396,pertahanan
2397,reformasi
2398,reformasi
2399,hilirisasi
2400,reformasi
2401,pekerjaan
2402,reformasi
2403,sdm
2404,sdm
2405,pekerjaan
2406,pertahanan
2407,reformasi
2408,pertahanan
2409,reformasi
2410,reformasi
2411,pertahanan
2412,reformasi
2413,reformasi
2414,pertahanan
2415,ideologi
2416,pertahanan
2417,pertahanan
2418,reformasi
2419,reformasi
2420,ideologi
2421,ideologi
2422,pertahanan
2423,sdm
2424,reformasi
2425,pekerjaan
2426,ideologi
2427,sdm
2428,reformasi
2429,reformasi
2430,ideologi
2431,pekerjaan
2432,sdm
2433,reformasi
2434,reformasi
2435,reformasi
2436,reformasi
2437,sdm
2438,pertahanan
2439,pertahanan
2440,reformasi
2441,ideologi
2442,pekerjaan
2443,pertahanan
2444,sdm
2445,sdm
2446,pertahanan
2447,reformasi
2448,sdm
2449,pemerataan
2450,reformasi
2451,reformasi
2452,sdm
2453,reformasi
2454,pertahanan
2455,pertahanan
2456,pekerjaan
2457,ideologi
2458,sdm
2459,ideologi
2460,ideologi
2461,pertahanan
2462,reformasi
2463,reformasi
2464,pertahanan
2465,reformasi
2466,pemerataan
2467,reformasi
2468,pekerjaan
2469,pertahanan
2470,ideologi
2471,reformasi
2472,reformasi
2473,reformasi
2474,pertahanan
2475,pertahanan
2476,pekerjaan
2477,ideologi
2478,sdm
2479,ideologi
2480,harmoni
2481,ideologi
2482,pekerjaan
2483,ideologi
2484,ideologi
2485,sdm
2486,harmoni
2487,pertahanan
2488,harmoni
2489,sdm
2490,sdm
2491,sdm
2492,pekerjaan
2493,ideologi
2494,ideologi
2495,ideologi
2496,pekerjaan
2497,sdm
2498,sdm
2499,reformasi
2500,sdm
2501,reformasi
2502,pertahanan
2503,sdm
2504,ideologi
2505,reformasi
2506,reformasi
2507,reformasi
2508,harmoni
2509,ideologi
2510,sdm
2511,sdm
2512,sdm
2513,sdm
2514,sdm
2515,pertahanan
2516,pertahanan
2517,ideologi
2518,ideologi
2519,ideologi
2520,pekerjaan
2521,ideologi
2522,reformasi
2523,sdm
2524,ideologi
2525,ideologi
2526,ideologi
2527,ideologi
2528,ideologi
2529,ideologi
2530,ideologi
2531,reformasi
2532,reformasi
2533,ideologi
2534,sdm
2535,ideologi
2536,pertahanan
2537,pekerjaan
2538,ideologi
2539,pekerjaan
2540,ideologi
2541,ideologi
2542,ideologi
2543,ideologi
2544,reformasi
2545,reformasi
2546,reformasi
2547,sdm
2548,ideologi
2549,pertahanan
2550,pemerataan
2551,ideologi
2552,ideologi
2553,ideologi
2554,ideologi
2555,reformasi
2556,ideologi
2557,pekerjaan
2558,pekerjaan
2559,sdm
2560,ideologi
2561,reformasi
2562,ideologi
2563,sdm
2564,sdm
2565,sdm
2566,ideologi
2567,reformasi
2568,ideologi
2569,ideologi
2570,reformasi
2571,reformasi
2572,sdm
2573,sdm
2574,ideologi
2575,ideologi
2576,sdm
2577,sdm
2578,pekerjaan
2579,ideologi
2580,ideologi
2581,ideologi
2582,ideologi
2583,sdm
2584,pekerjaan
2585,sdm
2586,reformasi
2587,reformasi
2588,ideologi
2589,reformasi
2590,reformasi
2591,pertahanan
2592,ideologi
2593,sdm
2594,pertahanan
2595,reformasi
2596,ideologi
2597,ideologi
2598,pertahanan
2599,sdm
2600,sdm
2601,pemerataan
2602,sdm
2603,pemerataan
2604,ideologi
2605,reformasi
2606,sdm
2607,sdm
2608,ideologi
2609,pekerjaan
2610,ideologi
2611,sdm
2612,reformasi
2613,sdm
2614,ideologi
2615,ideologi
2616,ideologi
2617,ideologi
2618,reformasi
2619,reformasi
2620,sdm
2621,ideologi
2622,ideologi
2623,ideologi
2624,sdm
2625,reformasi
2626,pekerjaan
2627,ideologi
2628,pekerjaan
2629,ideologi
2630,ideologi
2631,ideologi
2632,sdm
2633,ideologi
2634,reformasi
2635,reformasi
2636,pekerjaan
2637,ideologi
2638,ideologi
2639,sdm
2640,ideologi
2641,reformasi
2642,reformasi
2643,sdm
2644,ideologi
2645,ideologi
2646,sdm
2647,ideologi
2648,ideologi
2649,reformasi
2650,ideologi
2651,sdm
2652,reformasi
2653,sdm
2654,reformasi
2655,ideologi
2656,pertahanan
2657,ideologi
2658,reformasi
2659,sdm
2660,reformasi
2661,ideologi
2662,ideologi
2663,sdm
2664,reformasi
2665,ideologi
2666,ideologi
2667,ideologi
2668,ideologi
2669,ideologi
2670,pertahanan
2671,ideologi
2672,ideologi
2673,ideologi
2674,ideologi
2675,sdm
2676,ideologi
2677,sdm
2678,reformasi
2679,sdm
2680,ideologi
2681,pertahanan
2682,pekerjaan
2683,sdm
2684,ideologi
2685,sdm
2686,pertahanan
2687,sdm
2688,pertahanan
2689,ideologi
2690,sdm
2691,ideologi
2692,sdm
2693,sdm
2694,pekerjaan
2695,sdm
2696,sdm
2697,sdm
2698,pertahanan
2699,reformasi
2700,hilirisasi
2701,ideologi
2702,pertahanan
2703,sdm
2704,pertahanan
2705,sdm
2706,sdm
2707,sdm
2708,sdm
2709,reformasi
2710,sdm
2711,sdm
2712,sdm
2713,harmoni
2714,sdm
2715,ideologi
2716,ideologi
2717,pertahanan
2718,sdm
2719,pertahanan
2720,harmoni
2721,pekerjaan
2722,sdm
2723,harmoni
2724,sdm
2725,sdm
2726,sdm
2727,sdm
2728,sdm
2729,pertahanan
2730,sdm
2731,pertahanan
2732,sdm
2733,sdm
2734,pertahanan
2735,sdm
2736,sdm
2737,sdm
2738,sdm
2739,reformasi
2740,pekerjaan
2741,reformasi
2742,harmoni
2743,pekerjaan
2744,reformasi
2745,pertahanan
2746,sdm
2747,sdm
2748,sdm
2749,sdm
2750,ideologi
2751,sdm
2752,sdm
2753,sdm
2754,pertahanan
2755,pertahanan
2756,sdm
2757,sdm
2758,sdm
2759,sdm
2760,sdm
2761,ideologi
2762,pertahanan
2763,pertahanan
2764,ideologi
2765,sdm
2766,sdm
2767,pertahanan
2768,pertahanan
2769,sdm
2770,sdm
2771,sdm
2772,pertahanan
2773,pertahanan
2774,sdm
2775,ideologi
2776,sdm
2777,pertahanan
2778,ideologi
2779,sdm
2780,pertahanan
2781,ideologi
2782,sdm
2783,ideologi
2784,sdm
2785,pertahanan
2786,sdm
2787,pertahanan
2788,harmoni
2789,sdm
2790,pertahanan
2791,sdm
2792,pertahanan
2793,pertahanan
2794,sdm
2795,reformasi
2796,sdm
2797,sdm
2798,sdm
2799,sdm
2800,pertahanan
2801,pertahanan
2802,pertahanan
2803,sdm
2804,ideologi
2805,sdm
2806,pekerjaan
2807,sdm
2808,sdm
2809,sdm
2810,reformasi
2811,pertahanan
2812,sdm
2813,sdm
2814,pertahanan
2815,sdm
2816,sdm
2817,sdm
2818,sdm
2819,ideologi
2820,pemerataan
2821,reformasi
2822,sdm
2823,pertahanan
2824,pertahanan
2825,sdm
2826,sdm
2827,reformasi
2828,pertahanan
2829,pekerjaan
2830,ideologi
2831,sdm
2832,ideologi
2833,pertahanan
2834,ideologi
2835,ideologi
2836,ideologi
2837,ideologi
2838,pertahanan
2839,pertahanan
2840,sdm
2841,pekerjaan
2842,sdm
2843,ideologi
2844,ideologi
2845,pekerjaan
2846,pertahanan
2847,pekerjaan
2848,reformasi
2849,sdm
2850,sdm
2851,ideologi
2852,sdm
2853,pertahanan
2854,reformasi
2855,sdm
2856,reformasi
2857,ideologi
2858,pertahanan
2859,pertahanan
2860,ideologi
2861,reformasi
2862,sdm
2863,pertahanan
2864,sdm
2865,pertahanan
2866,pertahanan
2867,ideologi
2868,sdm
2869,sdm
2870,ideologi
2871,ideologi
2872,sdm
2873,sdm
2874,ideologi
2875,pertahanan
2876,pekerjaan
2877,ideologi
2878,pertahanan
2879,pertahanan
2880,pertahanan
2881,ideologi
2882,sdm
2883,ideologi
2884,ideologi
2885,sdm
2886,pekerjaan
2887,pertahanan
2888,pekerjaan
2889,pertahanan
2890,ideologi
2891,ideologi
2892,ideologi
2893,pekerjaan
2894,pemerataan
2895,sdm
2896,pertahanan
2897,sdm
2898,reformasi
2899,ideologi
2900,sdm
2901,sdm
2902,pertahanan
2903,pekerjaan
2904,pertahanan
2905,ideologi
2906,sdm
2907,sdm
2908,harmoni
2909,harmoni
2910,sdm
2911,sdm
2912,reformasi
2913,ideologi
2914,sdm
2915,ideologi
2916,ideologi
2917,ideologi
2918,pekerjaan
2919,reformasi
2920,reformasi
2921,pertahanan
2922,sdm
2923,reformasi
2924,pertahanan
2925,reformasi
2926,pemerataan
2927,ideologi
2928,ideologi
2929,sdm
2930,pertahanan
2931,pertahanan
2932,pertahanan
2933,sdm
2934,ideologi
2935,sdm
2936,sdm
2937,sdm
2938,sdm
2939,harmoni
2940,reformasi
2941,sdm
2942,harmoni
2943,sdm
2944,pertahanan
2945,ideologi
2946,sdm
2947,ideologi
2948,sdm
2949,pertahanan
2950,pekerjaan
2951,pertahanan
2952,harmoni
2953,sdm
2954,sdm
2955,ideologi
2956,sdm
2957,harmoni
2958,sdm
2959,reformasi
2960,reformasi
2961,pertahanan
2962,reformasi
2963,sdm
2964,ideologi
2965,ideologi
2966,pertahanan
2967,pertahanan
2968,sdm
2969,pemerataan
2970,pertahanan
2971,pemerataan
2972,pekerjaan
2973,sdm
2974,pertahanan
2975,reformasi
2976,ideologi
2977,pertahanan
2978,sdm
2979,sdm
2980,reformasi
2981,ideologi
2982,sdm
2983,sdm
2984,pekerjaan
2985,sdm
2986,reformasi
2987,pertahanan
2988,pemerataan
2989,sdm
2990,reformasi
2991,sdm
2992,ideologi
2993,sdm
2994,pertahanan
2995,sdm
2996,sdm
2997,ideologi
2998,sdm
2999,sdm
3000,sdm
3001,ideologi
3002,ideologi
3003,ideologi
3004,sdm
3005,pertahanan
3006,pekerjaan
3007,ideologi
3008,sdm
3009,sdm
3010,reformasi
3011,reformasi
3012,sdm
3013,pertahanan
3014,pertahanan
3015,sdm
3016,sdm
3017,sdm
3018,sdm
3019,ideologi
3020,pekerjaan
3021,sdm
3022,reformasi
3023,sdm
3024,pertahanan
3025,harmoni
3026,ideologi
3027,sdm
3028,pertahanan
3029,pertahanan
3030,sdm
3031,sdm
3032,sdm
3033,ideologi
3034,pertahanan
3035,sdm
3036,pertahanan
3037,pekerjaan
3038,pekerjaan
3039,sdm
3040,sdm
3041,sdm
3042,reformasi
3043,pertahanan
3044,pertahanan
3045,pertahanan
3046,pemerataan
3047,sdm
3048,sdm
3049,ideologi
3050,pertahanan
3051,reformasi
3052,sdm
3053,pertahanan
3054,reformasi
3055,sdm
3056,ideologi
3057,pertahanan
3058,sdm
3059,sdm
3060,sdm
3061,pertahanan
3062,ideologi
3063,ideologi
3064,ideologi
3065,sdm
3066,sdm
3067,pertahanan
3068,ideologi
3069,pertahanan
3070,pekerjaan
3071,pertahanan
3072,pekerjaan
3073,sdm
3074,pekerjaan
3075,pemerataan
3076,sdm
3077,sdm
3078,ideologi
3079,pertahanan
3080,pertahanan
3081,pertahanan
3082,pertahanan
3083,pertahanan
3084,pertahanan
3085,pertahanan
3086,pertahanan
3087,pertahanan
3088,pertahanan
3089,pertahanan
3090,pertahanan
3091,pertahanan
3092,pertahanan
3093,pekerjaan
3094,pertahanan
3095,pertahanan
3096,pertahanan
3097,pertahanan
3098,pertahanan
3099,pertahanan
3100,harmoni
3101,pertahanan
3102,pertahanan
3103,pertahanan
3104,pertahanan
3105,pertahanan
3106,pertahanan
3107,pertahanan
3108,pertahanan
3109,pertahanan
3110,pertahanan
3111,pertahanan
3112,pertahanan
3113,pertahanan
3114,pertahanan
3115,pertahanan
3116,pertahanan
3117,pertahanan
3118,pertahanan
3119,pertahanan
3120,pertahanan
3121,pertahanan
3122,pertahanan
3123,pertahanan
3124,pertahanan
3125,pertahanan
3126,pertahanan
3127,pertahanan
3128,pertahanan
3129,pertahanan
3130,pertahanan
3131,reformasi
3132,pertahanan
3133,pertahanan
3134,pertahanan
3135,pertahanan
3136,pertahanan
3137,pertahanan
3138,harmoni
3139,pertahanan
3140,pertahanan
3141,pertahanan
3142,pertahanan
3143,pertahanan
3144,pertahanan
3145,pertahanan
3146,pertahanan
3147,pertahanan
3148,reformasi
3149,pertahanan
3150,pertahanan
3151,pertahanan
3152,pertahanan
3153,pertahanan
3154,pertahanan
3155,pertahanan
3156,pertahanan
3157,pertahanan
3158,pertahanan
3159,pertahanan
3160,pertahanan
3161,pertahanan
3162,hilirisasi
3163,pertahanan
3164,pertahanan
3165,pertahanan
3166,reformasi
3167,pertahanan
3168,pertahanan
3169,reformasi
3170,reformasi
3171,sdm
3172,ideologi
3173,pekerjaan
3174,ideologi
3175,reformasi
3176,pekerjaan
3177,pekerjaan
3178,reformasi
3179,pekerjaan
3180,pekerjaan
3181,sdm
3182,ideologi
3183,pertahanan
3184,pekerjaan
3185,ideologi
3186,ideologi
3187,reformasi
3188,reformasi
3189,sdm
3190,reformasi
3191,pertahanan
3192,pertahanan
3193,pertahanan
3194,pertahanan
3195,pertahanan
3196,pertahanan
3197,pertahanan
3198,pertahanan
3199,pertahanan
3200,pertahanan
3201,pertahanan
3202,pemerataan
3203,pertahanan
3204,pertahanan
3205,pertahanan
3206,pertahanan
3207,pertahanan
3208,pertahanan
3209,harmoni
3210,reformasi
3211,reformasi
3212,pertahanan
3213,ideologi
3214,pertahanan
3215,reformasi
3216,reformasi
3217,pekerjaan
3218,reformasi
3219,pertahanan
3220,pertahanan
3221,pertahanan
3222,pertahanan
3223,pertahanan
3224,pertahanan
3225,pertahanan
3226,pertahanan
3227,pertahanan
3228,pertahanan
3229,pertahanan
3230,pertahanan
3231,pertahanan
3232,pertahanan
3233,pertahanan
3234,pertahanan
3235,pemerataan
3236,pertahanan
3237,pertahanan
3238,pertahanan
3239,pertahanan
3240,pertahanan
3241,pertahanan
3242,pertahanan
3243,pertahanan
3244,pertahanan
3245,pertahanan
3246,pertahanan
3247,pertahanan
3248,pertahanan
3249,pertahanan
3250,pertahanan
3251,pertahanan
3252,pertahanan
3253,pertahanan
3254,pertahanan
3255,pertahanan
3256,pertahanan
3257,pertahanan
3258,pertahanan
3259,pertahanan
3260,pertahanan
3261,pertahanan
3262,pertahanan
3263,pertahanan
3264,pertahanan
3265,pertahanan
3266,pertahanan
3267,pertahanan
3268,pertahanan
3269,pertahanan
3270,pertahanan
3271,pertahanan
3272,pertahanan
3273,pertahanan
3274,pertahanan
3275,pertahanan
3276,pertahanan
3277,pertahanan
3278,pertahanan
3279,pertahanan
3280,pertahanan
3281,pekerjaan
3282,pertahanan
3283,pertahanan
3284,pertahanan
3285,reformasi
3286,pertahanan
3287,pertahanan
3288,harmoni
3289,reformasi
3290,reformasi
3291,pertahanan
3292,pertahanan
3293,reformasi
3294,reformasi
3295,ideologi
3296,pertahanan
3297,pertahanan
3298,ideologi
3299,ideologi
3300,ideologi
3301,reformasi
3302,reformasi
3303,pertahanan
3304,pertahanan
3305,reformasi
3306,reformasi
3307,pertahanan
3308,reformasi
3309,ideologi
3310,pertahanan
3311,sdm
3312,reformasi
3313,reformasi
3314,pekerjaan
3315,ideologi
3316,reformasi
3317,ideologi
3318,reformasi
3319,pekerjaan
3320,reformasi
3321,reformasi
3322,pertahanan
3323,pertahanan
3324,pertahanan
3325,pertahanan
3326,pertahanan
3327,pertahanan
3328,pertahanan
3329,pertahanan
3330,pertahanan
3331,pertahanan
3332,pertahanan
3333,pertahanan
3334,pertahanan
3335,pertahanan
3336,pertahanan
3337,pertahanan
3338,pertahanan
3339,pertahanan
3340,pertahanan
3341,pertahanan
3342,pertahanan
3343,pertahanan
3344,pertahanan
3345,pertahanan
3346,pertahanan
3347,pertahanan
3348,pertahanan
3349,pertahanan
3350,pertahanan
3351,pertahanan
3352,pertahanan
3353,pertahanan
3354,pertahanan
3355,pertahanan
3356,pertahanan
3357,pertahanan
3358,pertahanan
3359,pertahanan
3360,pertahanan
3361,pertahanan
3362,pertahanan
3363,pertahanan
3364,pertahanan
3365,pertahanan
3366,pertahanan
3367,pertahanan
3368,pertahanan
3369,pertahanan
3370,pertahanan
3371,pertahanan
3372,pertahanan
3373,pertahanan
3374,pertahanan
3375,pertahanan
3376,pertahanan
3377,pertahanan
3378,pertahanan
3379,pertahanan
3380,pertahanan
3381,pertahanan
3382,pertahanan
3383,pertahanan
3384,pertahanan
3385,pertahanan
3386,pertahanan
3387,pertahanan
3388,pertahanan
3389,pertahanan
3390,pertahanan
3391,pertahanan
3392,pertahanan
3393,pertahanan
3394,pertahanan
3395,pertahanan
3396,pertahanan
3397,pertahanan
3398,pertahanan
3399,pertahanan
3400,pertahanan
3401,pertahanan
3402,pertahanan
3403,pertahanan
3404,pertahanan
3405,pertahanan
3406,pertahanan
3407,pertahanan
3408,pertahanan
3409,pertahanan
3410,pertahanan
3411,pertahanan
3412,pertahanan
3413,pertahanan
3414,pertahanan
3415,pertahanan
3416,pertahanan
3417,pertahanan
3418,pertahanan
3419,pertahanan
3420,pertahanan
3421,pertahanan
3422,pertahanan
3423,pertahanan
3424,pertahanan
3425,pertahanan
3426,pertahanan
3427,pertahanan
3428,pertahanan
3429,pertahanan
3430,pertahanan
3431,pertahanan
3432,pertahanan
3433,pertahanan
3434,pertahanan
3435,pertahanan
3436,pertahanan
3437,pertahanan
3438,pertahanan
3439,pertahanan
3440,pertahanan
3441,pertahanan
3442,pertahanan
3443,pertahanan
3444,pertahanan
3445,pertahanan
3446,pertahanan
3447,pertahanan
3448,pertahanan
3449,reformasi
3450,pertahanan
3451,pertahanan
3452,pertahanan
3453,pertahanan
3454,pertahanan
3455,pertahanan
3456,pertahanan
3457,pertahanan
3458,pertahanan
3459,pertahanan
3460,pertahanan
3461,sdm
3462,pertahanan
3463,pertahanan
3464,pertahanan
3465,pertahanan
3466,pertahanan
3467,pertahanan
3468,pertahanan
3469,pertahanan
3470,pertahanan
3471,pertahanan
3472,pertahanan
3473,pertahanan
3474,pertahanan
3475,pertahanan
3476,pertahanan
3477,pertahanan
3478,pertahanan
3479,pertahanan
3480,pertahanan
3481,pertahanan
3482,pertahanan
3483,pertahanan
3484,pertahanan
3485,pertahanan
3486,pertahanan
3487,pertahanan
3488,pertahanan
3489,pertahanan
3490,pertahanan
3491,pertahanan
3492,pertahanan
3493,pertahanan
3494,pertahanan
3495,pertahanan
3496,pertahanan
3497,pertahanan
3498,pertahanan
3499,pertahanan
3500,pertahanan
3501,pertahanan
3502,pertahanan
3503,pertahanan
3504,pertahanan
3505,pertahanan
3506,pertahanan
3507,pertahanan
3508,pertahanan
3509,pertahanan
3510,pertahanan
3511,pertahanan
3512,pertahanan
3513,pertahanan
3514,pertahanan
3515,pertahanan
3516,pertahanan
3517,pertahanan
3518,pertahanan
3519,pertahanan
3520,pertahanan
3521,pertahanan
3522,pertahanan
3523,pertahanan
3524,pertahanan
3525,pertahanan
3526,pertahanan
3527,pertahanan
3528,pertahanan
3529,pertahanan
3530,pertahanan
3531,pertahanan
3532,pertahanan
3533,pertahanan
3534,pertahanan
3535,pertahanan
3536,pertahanan
3537,pertahanan
3538,pertahanan
3539,pertahanan
3540,pertahanan
3541,pertahanan
3542,pertahanan
3543,pertahanan
3544,pertahanan
3545,pertahanan
3546,pertahanan
3547,pertahanan
3548,pertahanan
3549,pertahanan
3550,pertahanan
3551,pertahanan
3552,pertahanan
3553,pertahanan
3554,pertahanan
3555,pertahanan
3556,pertahanan
3557,pertahanan
3558,pertahanan
3559,pertahanan
3560,pertahanan
3561,pertahanan
3562,pertahanan
3563,pertahanan
3564,pertahanan
3565,pertahanan
3566,pertahanan
3567,pertahanan
3568,pertahanan
3569,pertahanan
3570,pertahanan
3571,pertahanan
3572,pertahanan
3573,pertahanan
3574,pertahanan
3575,pertahanan
3576,pertahanan
3577,pertahanan
3578,pertahanan
3579,pertahanan
3580,pertahanan
3581,pertahanan
3582,pertahanan
3583,pertahanan
3584,pertahanan
3585,pertahanan
3586,pertahanan
3587,pertahanan
3588,pertahanan
3589,pertahanan
3590,pertahanan
3591,pertahanan
3592,pertahanan
3593,pertahanan
3594,pertahanan
3595,pertahanan
3596,pertahanan
3597,pertahanan
3598,pertahanan
3599,pertahanan
3600,pertahanan
3601,pertahanan
3602,pertahanan
3603,pertahanan
3604,pertahanan
3605,pertahanan
3606,pertahanan
3607,pertahanan
3608,pertahanan
3609,pertahanan
3610,pertahanan
3611,pertahanan
3612,pertahanan
3613,pertahanan
3614,pertahanan
3615,pertahanan
3616,pertahanan
3617,pertahanan
3618,pertahanan
3619,pertahanan
3620,pertahanan
3621,pertahanan
3622,pertahanan
3623,pertahanan
3624,pertahanan
3625,pertahanan
3626,pertahanan
3627,pertahanan
3628,pertahanan
3629,pertahanan
3630,pertahanan
3631,pertahanan
3632,pertahanan
3633,pertahanan
3634,pertahanan
3635,pertahanan
3636,pertahanan
3637,pertahanan
3638,pertahanan
3639,pertahanan
3640,pertahanan
3641,pertahanan
3642,pertahanan
3643,pertahanan
3644,pertahanan
3645,pertahanan
3646,pertahanan
3647,pertahanan
3648,pertahanan
3649,pertahanan
3650,pertahanan
3651,pertahanan
3652,pertahanan
3653,pertahanan
3654,pertahanan
3655,pertahanan
3656,pertahanan
3657,pertahanan
3658,pertahanan
3659,pertahanan
3660,pertahanan
3661,pertahanan
3662,pertahanan
3663,pertahanan
3664,pertahanan
3665,pertahanan
3666,pertahanan
3667,pertahanan
3668,pertahanan
3669,pertahanan
3670,pertahanan
3671,pertahanan
3672,pertahanan
3673,pertahanan
3674,pertahanan
3675,pertahanan
3676,pertahanan
3677,pertahanan
3678,pertahanan
3679,pertahanan
3680,pertahanan
3681,pertahanan
3682,pertahanan
3683,pertahanan
3684,pertahanan
3685,pertahanan
3686,pertahanan
3687,pertahanan
3688,pertahanan
3689,pertahanan
3690,pertahanan
3691,pertahanan
3692,pertahanan
3693,pertahanan
3694,pertahanan
3695,pertahanan
3696,pertahanan
3697,pertahanan
3698,pertahanan
3699,pertahanan
3700,pertahanan
3701,pertahanan
3702,pertahanan
3703,pertahanan
3704,pertahanan
3705,pertahanan
3706,pertahanan
3707,pertahanan
3708,pertahanan
3709,pertahanan
3710,pertahanan
3711,pertahanan
3712,pertahanan
3713,pertahanan
3714,pertahanan
3715,pertahanan
3716,pertahanan
3717,pertahanan
3718,pertahanan
3719,pertahanan
3720,pertahanan
3721,pertahanan
3722,pertahanan
3723,pertahanan
3724,pertahanan
3725,pertahanan
3726,pertahanan
3727,pertahanan
3728,pertahanan
3729,pertahanan
3730,pertahanan
3731,pertahanan
3732,pertahanan
3733,pertahanan
3734,pertahanan
3735,pertahanan
3736,pertahanan
3737,pertahanan
3738,pertahanan
3739,pertahanan
3740,pertahanan
3741,pertahanan
3742,pertahanan
3743,pertahanan
3744,pertahanan
3745,pertahanan
3746,pertahanan
3747,pertahanan
3748,pertahanan
3749,pertahanan
3750,pertahanan
3751,pertahanan
3752,pertahanan
3753,pertahanan
3754,pertahanan
3755,pertahanan
3756,pertahanan
3757,pertahanan
3758,pertahanan
3759,pertahanan
3760,pertahanan
3761,pertahanan
3762,pertahanan
3763,pertahanan
3764,pertahanan
3765,pertahanan
3766,pertahanan
3767,pertahanan
3768,pertahanan
3769,pertahanan
3770,pertahanan
3771,pertahanan
3772,pertahanan
3773,pertahanan
3774,pertahanan
3775,pertahanan
3776,pertahanan
3777,pertahanan
3778,pertahanan
3779,pertahanan
3780,pertahanan
3781,pertahanan
3782,pertahanan
3783,harmoni
3784,pertahanan
3785,pertahanan
3786,pertahanan
3787,pertahanan
3788,pertahanan
3789,harmoni
3790,pertahanan
3791,pertahanan
3792,pertahanan
3793,pertahanan
3794,pertahanan
3795,pertahanan
3796,pertahanan
3797,pertahanan
3798,pertahanan
3799,pertahanan
3800,pertahanan
3801,pertahanan
3802,pertahanan
3803,pertahanan
3804,pertahanan
3805,pertahanan
3806,pertahanan
3807,pertahanan
3808,pertahanan
3809,pertahanan
3810,pertahanan
3811,pertahanan
3812,pertahanan
3813,pertahanan
3814,pertahanan
3815,pertahanan
3816,pertahanan
3817,pertahanan
3818,pertahanan
3819,pertahanan
3820,pertahanan
3821,pertahanan
3822,pertahanan
3823,pertahanan
3824,pertahanan
3825,pertahanan
3826,pertahanan
3827,pertahanan
3828,pertahanan
3829,pertahanan
3830,pertahanan
3831,pertahanan
3832,pertahanan
3833,pertahanan
3834,pertahanan
3835,pertahanan
3836,pertahanan
3837,pertahanan
3838,pertahanan
3839,pertahanan
3840,pertahanan
3841,pertahanan
3842,pertahanan
3843,pertahanan
3844,pertahanan
3845,pertahanan
3846,pertahanan
3847,pertahanan
3848,pertahanan
3849,pertahanan
3850,pertahanan
3851,pertahanan
3852,pertahanan
3853,pertahanan
3854,pertahanan
3855,pertahanan
3856,pertahanan
3857,pertahanan
3858,pertahanan
3859,pertahanan
3860,pertahanan
3861,reformasi
3862,pertahanan
3863,pertahanan
3864,pertahanan
3865,pertahanan
3866,pertahanan
3867,pertahanan
3868,pertahanan
3869,pertahanan
3870,pertahanan
3871,pertahanan
3872,pertahanan
3873,pertahanan
3874,pertahanan
3875,pertahanan
3876,pertahanan
3877,pertahanan
3878,pertahanan
3879,pertahanan
3880,pertahanan
3881,pertahanan
3882,pertahanan
3883,pertahanan
3884,pertahanan
3885,pertahanan
3886,pertahanan
3887,pertahanan
3888,pertahanan
3889,pertahanan
3890,pertahanan
3891,pertahanan
3892,pertahanan
3893,pertahanan
3894,pertahanan
3895,pertahanan
3896,reformasi
3897,pekerjaan
3898,reformasi
3899,ideologi
3900,pertahanan
3901,pertahanan
3902,pertahanan
3903,pertahanan
3904,pertahanan
3905,pertahanan
3906,pertahanan
3907,pertahanan
3908,pertahanan
3909,hilirisasi
3910,pertahanan
3911,pertahanan
3912,pertahanan
3913,pertahanan
3914,pertahanan
3915,pertahanan
3916,pertahanan
3917,sdm
3918,reformasi
3919,reformasi
3920,ideologi
3921,reformasi
3922,ideologi
3923,pertahanan
3924,pertahanan
3925,pertahanan
3926,pertahanan
3927,pertahanan
3928,pertahanan
3929,pertahanan
3930,pertahanan
3931,pertahanan
3932,sdm
3933,pertahanan
3934,pertahanan
3935,pertahanan
3936,pertahanan
3937,pertahanan
3938,pertahanan
3939,pertahanan
3940,pertahanan
3941,reformasi
3942,reformasi
3943,ideologi
3944,reformasi
3945,reformasi
3946,reformasi
3947,reformasi
3948,ideologi
3949,reformasi
3950,reformasi
3951,reformasi
3952,reformasi
3953,ideologi
3954,ideologi
3955,ideologi
3956,reformasi
3957,reformasi
3958,pekerjaan
3959,ideologi
3960,reformasi
3961,reformasi
3962,reformasi
3963,reformasi
3964,reformasi
3965,reformasi
3966,reformasi
3967,reformasi
3968,reformasi
3969,reformasi
3970,reformasi
3971,ideologi
3972,reformasi
3973,reformasi
3974,reformasi
3975,reformasi
3976,reformasi
3977,ideologi
3978,reformasi
3979,reformasi
3980,reformasi
3981,ideologi
3982,reformasi
3983,reformasi
3984,reformasi
3985,reformasi
3986,reformasi
3987,reformasi
3988,reformasi
3989,reformasi
3990,reformasi
3991,reformasi
3992,reformasi
3993,reformasi
3994,reformasi
3995,reformasi
3996,reformasi
3997,reformasi
3998,reformasi
3999,reformasi
4000,pekerjaan
4001,reformasi
4002,reformasi
4003,reformasi
4004,reformasi
4005,reformasi
4006,reformasi
4007,reformasi
4008,ideologi
4009,ideologi
4010,reformasi
4011,reformasi
4012,reformasi
4013,reformasi
4014,reformasi
4015,reformasi
4016,reformasi
4017,ideologi
4018,reformasi
4019,ideologi
4020,reformasi
4021,reformasi
4022,reformasi
4023,reformasi
4024,reformasi
4025,ideologi
4026,ideologi
4027,reformasi
4028,reformasi
4029,reformasi
4030,reformasi
4031,reformasi
4032,reformasi
4033,reformasi
4034,reformasi
4035,reformasi
4036,ideologi
4037,reformasi
4038,ideologi
4039,reformasi
4040,reformasi
4041,reformasi
4042,reformasi
4043,reformasi
4044,reformasi
4045,reformasi
4046,ideologi
4047,reformasi
4048,reformasi
4049,reformasi
4050,reformasi
4051,reformasi
4052,reformasi
4053,reformasi
4054,ideologi
4055,reformasi
4056,reformasi
4057,ideologi
4058,reformasi
4059,reformasi
4060,reformasi
4061,reformasi
4062,reformasi
4063,reformasi
4064,reformasi
4065,reformasi
4066,reformasi
4067,reformasi
4068,reformasi
4069,reformasi
4070,reformasi
4071,ideologi
4072,reformasi
4073,reformasi
4074,reformasi
4075,reformasi
4076,reformasi
4077,reformasi
4078,reformasi
4079,reformasi
4080,reformasi
4081,reformasi
4082,reformasi
4083,pemerataan
4084,reformasi
4085,reformasi
4086,reformasi
4087,reformasi
4088,reformasi
4089,reformasi
4090,reformasi
4091,reformasi
4092,reformasi
4093,reformasi
4094,reformasi
4095,reformasi
4096,reformasi
4097,ideologi
4098,reformasi
4099,ideologi
4100,ideologi
4101,reformasi
4102,ideologi
4103,reformasi
4104,reformasi
4105,reformasi
4106,reformasi
4107,reformasi
4108,reformasi
4109,reformasi
4110,reformasi
4111,reformasi
4112,reformasi
4113,reformasi
4114,reformasi
4115,reformasi
4116,ideologi
4117,reformasi
4118,reformasi
4119,reformasi
4120,reformasi
4121,reformasi
4122,reformasi
4123,reformasi
4124,reformasi
4125,reformasi
4126,reformasi
4127,reformasi
4128,reformasi
4129,reformasi
4130,reformasi
4131,reformasi
4132,reformasi
4133,reformasi
4134,reformasi
4135,reformasi
4136,reformasi
4137,reformasi
4138,reformasi
4139,reformasi
4140,reformasi
4141,reformasi
4142,ideologi
4143,reformasi
4144,ideologi
4145,reformasi
4146,reformasi
4147,reformasi
4148,reformasi
4149,reformasi
4150,reformasi
4151,ideologi
4152,ideologi
4153,reformasi
4154,reformasi
4155,reformasi
4156,reformasi
4157,reformasi
4158,ideologi
4159,reformasi
4160,ideologi
4161,harmoni
4162,reformasi
4163,reformasi
4164,reformasi
4165,reformasi
4166,reformasi
4167,reformasi
4168,ideologi
4169,reformasi
4170,reformasi
4171,reformasi
4172,reformasi
4173,reformasi
4174,reformasi
4175,reformasi
4176,reformasi
4177,reformasi
4178,reformasi
4179,reformasi
4180,ideologi
4181,reformasi
4182,reformasi
4183,reformasi
4184,ideologi
4185,reformasi
4186,reformasi
4187,reformasi
4188,reformasi
4189,reformasi
4190,reformasi
4191,reformasi
4192,reformasi
4193,reformasi
4194,reformasi
4195,reformasi
4196,reformasi
4197,reformasi
4198,ideologi
4199,reformasi
4200,reformasi
4201,reformasi
4202,reformasi
4203,ideologi
4204,ideologi
4205,reformasi
4206,reformasi
4207,ideologi
4208,reformasi
4209,reformasi
4210,reformasi
4211,reformasi
4212,reformasi
4213,reformasi
4214,reformasi
4215,reformasi
4216,ideologi
4217,reformasi
4218,reformasi
4219,reformasi
4220,reformasi
4221,reformasi
4222,reformasi
4223,reformasi
4224,reformasi
4225,reformasi
4226,reformasi
4227,reformasi
4228,reformasi
4229,reformasi
4230,ideologi
4231,reformasi
4232,ideologi
4233,reformasi
4234,reformasi
4235,reformasi
4236,reformasi
4237,ideologi
4238,reformasi
4239,reformasi
4240,reformasi
4241,reformasi
4242,reformasi
4243,ideologi
4244,reformasi
4245,reformasi
4246,reformasi
4247,reformasi
4248,reformasi
4249,reformasi
4250,reformasi
4251,reformasi
4252,reformasi
4253,ideologi
4254,reformasi
4255,reformasi
4256,reformasi
4257,ideologi
4258,reformasi
4259,reformasi
4260,reformasi
4261,reformasi
4262,reformasi
4263,reformasi
4264,reformasi
4265,reformasi
4266,reformasi
4267,reformasi
4268,reformasi
4269,reformasi
4270,reformasi
4271,reformasi
4272,reformasi
4273,reformasi
4274,reformasi
4275,reformasi
4276,reformasi
4277,reformasi
4278,ideologi
4279,ideologi
4280,reformasi
4281,reformasi
4282,reformasi
4283,ideologi
4284,reformasi
4285,reformasi
4286,reformasi
4287,reformasi
4288,reformasi
4289,sdm
4290,reformasi
4291,reformasi
4292,reformasi
4293,reformasi
4294,reformasi
4295,reformasi
4296,pemerataan
4297,pemerataan
4298,reformasi
4299,reformasi
4300,reformasi
4301,reformasi
4302,reformasi
4303,reformasi
4304,ideologi
4305,ideologi
4306,reformasi
4307,pertahanan
4308,reformasi
4309,reformasi
4310,ideologi
4311,reformasi
4312,reformasi
4313,reformasi
4314,reformasi
4315,reformasi
4316,hilirisasi
4317,hilirisasi
4318,hilirisasi
4319,hilirisasi
4320,hilirisasi
4321,hilirisasi
4322,hilirisasi
4323,hilirisasi
4324,hilirisasi
4325,hilirisasi
4326,ideologi
4327,hilirisasi
4328,hilirisasi
4329,hilirisasi
4330,hilirisasi
4331,reformasi
4332,hilirisasi
4333,hilirisasi
4334,hilirisasi
4335,hilirisasi
4336,hilirisasi
4337,pekerjaan
4338,hilirisasi
4339,hilirisasi
4340,hilirisasi
4341,pertahanan
4342,hilirisasi
4343,hilirisasi
4344,hilirisasi
4345,pertahanan
4346,pertahanan
4347,hilirisasi
4348,hilirisasi
4349,hilirisasi
4350,hilirisasi
4351,hilirisasi
4352,hilirisasi
4353,hilirisasi
4354,reformasi
4355,reformasi
4356,hilirisasi
4357,pertahanan
4358,hilirisasi
4359,hilirisasi
4360,hilirisasi
4361,hilirisasi
4362,hilirisasi
4363,pertahanan
4364,pekerjaan
4365,hilirisasi
4366,hilirisasi
4367,hilirisasi
4368,sdm
4369,hilirisasi
4370,hilirisasi
4371,reformasi
4372,pertahanan
4373,hilirisasi
4374,hilirisasi
4375,hilirisasi
4376,pertahanan
4377,hilirisasi
4378,hilirisasi
4379,hilirisasi
4380,hilirisasi
4381,hilirisasi
4382,hilirisasi
4383,hilirisasi
4384,reformasi
4385,sdm
4386,pemerataan
4387,hilirisasi
4388,hilirisasi
4389,hilirisasi
4390,hilirisasi
4391,hilirisasi
4392,hilirisasi
4393,hilirisasi
4394,reformasi
4395,hilirisasi
4396,hilirisasi
4397,hilirisasi
4398,hilirisasi
4399,hilirisasi
4400,hilirisasi
4401,hilirisasi
4402,sdm
4403,hilirisasi
4404,hilirisasi
4405,hilirisasi
4406,hilirisasi
4407,pemerataan
4408,hilirisasi
4409,hilirisasi
4410,pertahanan
4411,hilirisasi
4412,ideologi
4413,hilirisasi
4414,hilirisasi
4415,hilirisasi
4416,hilirisasi
4417,hilirisasi
4418,hilirisasi
4419,hilirisasi
4420,hilirisasi
4421,hilirisasi
4422,hilirisasi
4423,hilirisasi
4424,ideologi
4425,hilirisasi
4426,pertahanan
4427,hilirisasi
4428,hilirisasi
4429,reformasi
4430,hilirisasi
4431,hilirisasi
4432,ideologi
4433,hilirisasi
4434,hilirisasi
4435,harmoni
4436,hilirisasi
4437,hilirisasi
4438,hilirisasi
4439,hilirisasi
4440,reformasi
4441,hilirisasi
4442,hilirisasi
4443,hilirisasi
4444,hilirisasi
4445,hilirisasi
4446,ideologi
4447,harmoni
4448,hilirisasi
4449,pertahanan
4450,reformasi
4451,hilirisasi
4452,hilirisasi
4453,pekerjaan
4454,pekerjaan
4455,reformasi
4456,hilirisasi
4457,reformasi
4458,hilirisasi
4459,hilirisasi
4460,hilirisasi
4461,hilirisasi
4462,pertahanan
4463,hilirisasi
4464,hilirisasi
4465,hilirisasi
4466,hilirisasi
4467,hilirisasi
4468,hilirisasi
4469,sdm
4470,harmoni
4471,hilirisasi
4472,hilirisasi
4473,hilirisasi
4474,hilirisasi
4475,pekerjaan
4476,hilirisasi
4477,hilirisasi
4478,hilirisasi
4479,hilirisasi
4480,hilirisasi
4481,hilirisasi
4482,hilirisasi
4483,hilirisasi
4484,hilirisasi
4485,hilirisasi
4486,hilirisasi
4487,pekerjaan
4488,hilirisasi
4489,hilirisasi
4490,hilirisasi
4491,reformasi
4492,hilirisasi
4493,hilirisasi
4494,hilirisasi
4495,hilirisasi
4496,hilirisasi
4497,hilirisasi
4498,pertahanan
4499,pemerataan
4500,ideologi
4501,pekerjaan
4502,reformasi
4503,hilirisasi
4504,hilirisasi
4505,ideologi
4506,ideologi
4507,pemerataan
4508,hilirisasi
4509,hilirisasi
4510,hilirisasi
4511,hilirisasi
4512,sdm
4513,hilirisasi
4514,hilirisasi
4515,ideologi
4516,ideologi
4517,pertahanan
4518,ideologi
4519,ideologi
4520,ideologi
4521,ideologi
4522,ideologi
4523,ideologi
4524,ideologi
4525,ideologi
4526,ideologi
4527,ideologi
4528,ideologi
4529,ideologi
4530,ideologi
4531,ideologi
4532,ideologi
4533,ideologi
4534,ideologi
4535,ideologi
4536,ideologi
4537,ideologi
4538,ideologi
4539,ideologi
4540,ideologi
4541,reformasi
4542,ideologi
4543,ideologi
4544,ideologi
4545,ideologi
4546,ideologi
4547,ideologi
4548,ideologi
4549,ideologi
4550,ideologi
4551,ideologi
4552,ideologi
4553,ideologi
4554,ideologi
4555,ideologi
4556,ideologi
4557,ideologi
4558,ideologi
4559,ideologi
4560,ideologi
4561,ideologi
4562,ideologi
4563,ideologi
4564,ideologi
4565,ideologi
4566,ideologi
4567,ideologi
4568,ideologi
4569,ideologi
4570,ideologi
4571,ideologi
4572,ideologi
4573,ideologi
4574,ideologi
4575,ideologi
4576,ideologi
4577,ideologi
4578,ideologi
4579,ideologi
4580,ideologi
4581,ideologi
4582,ideologi
4583,ideologi
4584,ideologi
4585,ideologi
4586,ideologi
4587,ideologi
4588,ideologi
4589,ideologi
4590,ideologi
4591,ideologi
4592,ideologi
4593,pekerjaan
4594,reformasi
4595,ideologi
4596,ideologi
4597,ideologi
4598,ideologi
4599,ideologi
4600,pertahanan
4601,ideologi
4602,ideologi
4603,ideologi
4604,ideologi
4605,ideologi
4606,ideologi
4607,ideologi
4608,ideologi
4609,ideologi
4610,reformasi
4611,ideologi
4612,ideologi
4613,ideologi
4614,ideologi
4615,reformasi
4616,ideologi
4617,ideologi
4618,ideologi
4619,ideologi
4620,ideologi
4621,ideologi
4622,pemerataan
4623,ideologi
4624,ideologi
4625,ideologi
4626,ideologi
4627,ideologi
4628,ideologi
4629,ideologi
4630,ideologi
4631,ideologi
4632,ideologi
4633,ideologi
4634,reformasi
4635,sdm
4636,ideologi
4637,ideologi
4638,ideologi
4639,ideologi
4640,ideologi
4641,ideologi
4642,ideologi
4643,ideologi
4644,ideologi
4645,ideologi
4646,ideologi
4647,ideologi
4648,ideologi
4649,ideologi
4650,ideologi
4651,ideologi
4652,ideologi
4653,ideologi
4654,ideologi
4655,pertahanan
4656,ideologi
4657,pemerataan
4658,ideologi
4659,ideologi
4660,ideologi
4661,ideologi
4662,ideologi
4663,ideologi
4664,ideologi
4665,ideologi
4666,ideologi
4667,ideologi
4668,reformasi
4669,ideologi
4670,ideologi
4671,ideologi
4672,ideologi
4673,ideologi
4674,ideologi
4675,reformasi
4676,ideologi
4677,ideologi
4678,reformasi
4679,ideologi
4680,ideologi
4681,reformasi
4682,ideologi
4683,ideologi
4684,ideologi
4685,reformasi
4686,ideologi
4687,ideologi
4688,ideologi
4689,reformasi
4690,pertahanan
4691,ideologi
4692,reformasi
4693,ideologi
4694,ideologi
4695,ideologi
4696,ideologi
4697,ideologi
4698,pertahanan
4699,ideologi
4700,ideologi
4701,ideologi
4702,ideologi
4703,ideologi
4704,ideologi
4705,ideologi
4706,ideologi
4707,ideologi
4708,ideologi
4709,ideologi
4710,ideologi
4711,ideologi
4712,ideologi
4713,ideologi
4714,reformasi
4715,ideologi
4716,ideologi
4717,ideologi
4718,ideologi
4719,reformasi
4720,ideologi
4721,ideologi
4722,ideologi
4723,ideologi
4724,ideologi
4725,ideologi
4726,ideologi
4727,ideologi
4728,ideologi
4729,pekerjaan
4730,ideologi
4731,ideologi
4732,ideologi
4733,ideologi
4734,ideologi
4735,ideologi
4736,ideologi
4737,ideologi
4738,ideologi
4739,ideologi
4740,ideologi
4741,ideologi
4742,ideologi
4743,ideologi
4744,pertahanan
4745,ideologi
4746,harmoni
4747,ideologi
4748,ideologi
4749,ideologi
4750,ideologi
4751,ideologi
4752,ideologi
4753,reformasi
4754,ideologi
4755,ideologi
4756,ideologi
4757,ideologi
4758,ideologi
4759,ideologi
4760,ideologi
4761,ideologi
4762,ideologi
4763,ideologi
4764,ideologi
4765,ideologi
4766,ideologi
4767,ideologi
4768,reformasi
4769,ideologi
4770,ideologi
4771,pekerjaan
4772,ideologi
4773,ideologi
4774,ideologi
4775,ideologi
4776,ideologi
4777,ideologi
4778,ideologi
4779,ideologi
4780,ideologi
4781,ideologi
4782,ideologi
4783,ideologi
4784,ideologi
4785,ideologi
4786,pertahanan
4787,ideologi
4788,harmoni
4789,ideologi
4790,ideologi
4791,ideologi
4792,ideologi
4793,ideologi
4794,ideologi
4795,ideologi
4796,ideologi
4797,reformasi
4798,ideologi
4799,ideologi
4800,ideologi
4801,ideologi
4802,ideologi
4803,reformasi
4804,ideologi
4805,ideologi
4806,harmoni
4807,ideologi
4808,ideologi
4809,ideologi
4810,ideologi
4811,ideologi
4812,ideologi
4813,ideologi
4814,ideologi
4815,ideologi
4816,ideologi
4817,ideologi
4818,ideologi
4819,ideologi
4820,ideologi
4821,ideologi
4822,ideologi
4823,reformasi
4824,ideologi
4825,ideologi
4826,ideologi
4827,ideologi
4828,ideologi
4829,ideologi
4830,pekerjaan
4831,pekerjaan
4832,reformasi
4833,pekerjaan
4834,ideologi
4835,reformasi
4836,pekerjaan
4837,reformasi
4838,pekerjaan
4839,reformasi
4840,reformasi
4841,pekerjaan
4842,pemerataan
4843,reformasi
4844,pekerjaan
4845,pertahanan
4846,pertahanan
4847,pekerjaan
4848,pekerjaan
4849,ideologi
4850,pekerjaan
4851,ideologi
4852,pekerjaan
4853,pekerjaan
4854,ideologi
4855,pemerataan
4856,reformasi
4857,pekerjaan
4858,reformasi
4859,pekerjaan
4860,pekerjaan
4861,pekerjaan
4862,pekerjaan
4863,reformasi
4864,pekerjaan
4865,reformasi
4866,pekerjaan
4867,pekerjaan
4868,pekerjaan
4869,pekerjaan
4870,pekerjaan
4871,reformasi
4872,pekerjaan
4873,pekerjaan
4874,pekerjaan
4875,pekerjaan
4876,sdm
4877,pekerjaan
4878,pekerjaan
4879,ideologi
4880,pekerjaan
4881,pemerataan
4882,reformasi
4883,pekerjaan
4884,pemerataan
4885,harmoni
4886,pekerjaan
4887,pekerjaan
4888,pekerjaan
4889,pekerjaan
4890,pekerjaan
4891,reformasi
4892,pekerjaan
4893,pekerjaan
4894,reformasi
4895,reformasi
4896,ideologi
4897,pekerjaan
4898,pekerjaan
4899,pekerjaan
4900,pekerjaan
4901,sdm
4902,reformasi
4903,pekerjaan
4904,reformasi
4905,reformasi
4906,ideologi
4907,pekerjaan
4908,reformasi
4909,pekerjaan
4910,pemerataan
4911,pekerjaan
4912,pertahanan
4913,pekerjaan
4914,pekerjaan
4915,reformasi
4916,ideologi
4917,pekerjaan
4918,pekerjaan
4919,reformasi
4920,pekerjaan
4921,sdm
4922,pekerjaan
4923,pekerjaan
4924,pertahanan
4925,pekerjaan
4926,ideologi
4927,reformasi
4928,reformasi
4929,pekerjaan
4930,reformasi
4931,pemerataan
4932,pertahanan
4933,reformasi
4934,pertahanan
4935,pekerjaan
4936,pekerjaan
4937,harmoni
4938,pekerjaan
4939,pekerjaan
4940,reformasi
4941,pekerjaan
4942,pemerataan
4943,pekerjaan
4944,pekerjaan
4945,pekerjaan
4946,pekerjaan
4947,reformasi
4948,reformasi
4949,pekerjaan
4950,pekerjaan
4951,pekerjaan
4952,pekerjaan
4953,pekerjaan
4954,pemerataan
4955,reformasi
4956,pekerjaan
4957,pekerjaan
4958,harmoni
4959,pekerjaan
4960,pekerjaan
4961,pekerjaan
4962,ideologi
4963,pekerjaan
4964,reformasi
4965,pertahanan
4966,sdm
4967,pekerjaan
4968,reformasi
4969,ideologi
4970,pekerjaan
4971,ideologi
4972,pekerjaan
4973,pekerjaan
4974,pekerjaan
4975,pekerjaan
4976,pekerjaan
4977,pekerjaan
4978,pekerjaan
4979,pekerjaan
4980,pekerjaan
4981,reformasi
4982,pekerjaan
4983,pekerjaan
4984,pekerjaan
4985,pekerjaan
4986,ideologi
4987,ideologi
4988,pekerjaan
4989,harmoni
4990,reformasi
4991,sdm
4992,pekerjaan
4993,reformasi
4994,reformasi
4995,ideologi
4996,ideologi
4997,pertahanan
4998,pekerjaan
4999,reformasi
