id,label
0,reformasi
1,reformasi
2,pertahanan
3,pertahanan
4,pemerataan
5,reformasi
6,reformasi
7,harmoni
8,reformasi
9,reformasi
10,ideologi
11,reformasi
12,reformasi
13,ideologi
14,reformasi
15,reformasi
16,reformasi
17,pekerjaan
18,reformasi
19,pekerjaan
20,ideologi
21,hilirisasi
22,reformasi
23,reformasi
24,pertahanan
25,reformasi
26,pertahanan
27,ideologi
28,pemerataan
29,reformasi
30,reformasi
31,ideologi
32,reformasi
33,sdm
34,reformasi
35,reformasi
36,reformasi
37,reformasi
38,reformasi
39,reformasi
40,reformasi
41,reformasi
42,pertahanan
43,reformasi
44,reformasi
45,sdm
46,pekerjaan
47,pertahanan
48,reformasi
49,pekerjaan
50,pertahanan
51,reformasi
52,reformasi
53,pekerjaan
54,reformasi
55,reformasi
56,reformasi
57,harmoni
58,reformasi
59,pekerjaan
60,ideologi
61,reformasi
62,pertahanan
63,ideologi
64,reformasi
65,reformasi
66,reformasi
67,reformasi
68,reformasi
69,pekerjaan
70,pekerjaan
71,reformasi
72,pertahanan
73,reformasi
74,harmoni
75,pekerjaan
76,reformasi
77,reformasi
78,reformasi
79,sdm
80,reformasi
81,pekerjaan
82,ideologi
83,reformasi
84,reformasi
85,reformasi
86,reformasi
87,ideologi
88,pemerataan
89,reformasi
90,reformasi
91,pekerjaan
92,reformasi
93,reformasi
94,reformasi
95,reformasi
96,reformasi
97,reformasi
98,reformasi
99,reformasi
100,pertahanan
101,reformasi
102,pekerjaan
103,harmoni
104,reformasi
105,reformasi
106,ideologi
107,ideologi
108,harmoni
109,reformasi
110,reformasi
111,sdm
112,reformasi
113,ideologi
114,reformasi
115,sdm
116,ideologi
117,pekerjaan
118,reformasi
119,ideologi
120,reformasi
121,sdm
122,reformasi
123,sdm
124,reformasi
125,reformasi
126,reformasi
127,reformasi
128,ideologi
129,reformasi
130,pertahanan
131,ideologi
132,reformasi
133,reformasi
134,reformasi
135,ideologi
136,pertahanan
137,reformasi
138,reformasi
139,pekerjaan
140,reformasi
141,reformasi
142,harmoni
143,pekerjaan
144,reformasi
145,reformasi
146,reformasi
147,pertahanan
148,reformasi
149,pekerjaan
150,ideologi
151,reformasi
152,pekerjaan
153,ideologi
154,reformasi
155,reformasi
156,pertahanan
157,reformasi
158,hilirisasi
159,reformasi
160,reformasi
161,harmoni
162,pertahanan
163,reformasi
164,pekerjaan
165,reformasi
166,reformasi
167,pertahanan
168,reformasi
169,ideologi
170,reformasi
171,pekerjaan
172,pekerjaan
173,reformasi
174,reformasi
175,reformasi
176,reformasi
177,reformasi
178,harmoni
179,reformasi
180,sdm
181,ideologi
182,pemerataan
183,pekerjaan
184,reformasi
185,sdm
186,pekerjaan
187,reformasi
188,harmoni
189,reformasi
190,harmoni
191,reformasi
192,pekerjaan
193,sdm
194,pekerjaan
195,pekerjaan
196,pekerjaan
197,ideologi
198,pertahanan
199,reformasi
200,pertahanan
201,pekerjaan
202,reformasi
203,sdm
204,pekerjaan
205,pekerjaan
206,pekerjaan
207,reformasi
208,reformasi
209,harmoni
210,reformasi
211,reformasi
212,reformasi
213,reformasi
214,pertahanan
215,ideologi
216,ideologi
217,ideologi
218,pekerjaan
219,pekerjaan
220,pekerjaan
221,reformasi
222,reformasi
223,pertahanan
224,harmoni
225,reformasi
226,ideologi
227,reformasi
228,reformasi
229,reformasi
230,sdm
231,ideologi
232,reformasi
233,reformasi
234,pekerjaan
235,reformasi
236,pekerjaan
237,pekerjaan
238,reformasi
239,pekerjaan
240,reformasi
241,reformasi
242,reformasi
243,reformasi
244,reformasi
245,pertahanan
246,pertahanan
247,pekerjaan
248,reformasi
249,harmoni
250,reformasi
251,pekerjaan
252,reformasi
253,pekerjaan
254,reformasi
255,pekerjaan
256,reformasi
257,sdm
258,reformasi
259,reformasi
260,pekerjaan
261,reformasi
262,pertahanan
263,reformasi
264,reformasi
265,pekerjaan
266,pertahanan
267,ideologi
268,reformasi
269,reformasi
270,reformasi
271,reformasi
272,pertahanan
273,reformasi
274,reformasi
275,pertahanan
276,pekerjaan
277,reformasi
278,reformasi
279,harmoni
280,pertahanan
281,pertahanan
282,reformasi
283,reformasi
284,harmoni
285,reformasi
286,reformasi
287,pekerjaan
288,sdm
289,reformasi
290,reformasi
291,reformasi
292,pertahanan
293,reformasi
294,reformasi
295,reformasi
296,pekerjaan
297,reformasi
298,reformasi
299,ideologi
300,sdm
301,ideologi
302,reformasi
303,reformasi
304,reformasi
305,pekerjaan
306,ideologi
307,ideologi
308,pertahanan
309,reformasi
310,reformasi
311,ideologi
312,reformasi
313,pertahanan
314,ideologi
315,reformasi
316,reformasi
317,pekerjaan
318,ideologi
319,reformasi
320,reformasi
321,reformasi
322,reformasi
323,reformasi
324,pekerjaan
325,reformasi
326,reformasi
327,reformasi
328,pekerjaan
329,pekerjaan
330,reformasi
331,sdm
332,reformasi
333,reformasi
334,reformasi
335,ideologi
336,pekerjaan
337,reformasi
338,reformasi
339,sdm
340,reformasi
341,ideologi
342,reformasi
343,reformasi
344,reformasi
345,reformasi
346,ideologi
347,reformasi
348,reformasi
349,reformasi
350,harmoni
351,reformasi
352,sdm
353,reformasi
354,reformasi
355,pekerjaan
356,reformasi
357,reformasi
358,reformasi
359,reformasi
360,reformasi
361,reformasi
362,sdm
363,pertahanan
364,reformasi
365,reformasi
366,harmoni
367,ideologi
368,ideologi
369,reformasi
370,reformasi
371,harmoni
372,pertahanan
373,pertahanan
374,reformasi
375,reformasi
376,sdm
377,pekerjaan
378,harmoni
379,sdm
380,reformasi
381,reformasi
382,reformasi
383,reformasi
384,sdm
385,reformasi
386,reformasi
387,reformasi
388,pekerjaan
389,reformasi
390,reformasi
391,pemerataan
392,reformasi
393,reformasi
394,pekerjaan
395,reformasi
396,pekerjaan
397,pekerjaan
398,pertahanan
399,pekerjaan
400,ideologi
401,pekerjaan
402,reformasi
403,pekerjaan
404,reformasi
405,pertahanan
406,ideologi
407,reformasi
408,reformasi
409,reformasi
410,pertahanan
411,reformasi
412,reformasi
413,reformasi
414,pekerjaan
415,reformasi
416,reformasi
417,reformasi
418,pekerjaan
419,reformasi
420,reformasi
421,reformasi
422,reformasi
423,reformasi
424,reformasi
425,ideologi
426,pertahanan
427,pekerjaan
428,harmoni
429,harmoni
430,reformasi
431,reformasi
432,pertahanan
433,pekerjaan
434,reformasi
435,ideologi
436,reformasi
437,reformasi
438,reformasi
439,pemerataan
440,reformasi
441,pertahanan
442,pekerjaan
443,reformasi
444,reformasi
445,harmoni
446,ideologi
447,ideologi
448,ideologi
449,pekerjaan
450,pertahanan
451,pertahanan
452,reformasi
453,pemerataan
454,reformasi
455,reformasi
456,reformasi
457,reformasi
458,pekerjaan
459,sdm
460,reformasi
461,reformasi
462,reformasi
463,pertahanan
464,reformasi
465,reformasi
466,reformasi
467,reformasi
468,pekerjaan
469,reformasi
470,pertahanan
471,reformasi
472,pekerjaan
473,pekerjaan
474,reformasi
475,pekerjaan
476,reformasi
477,pertahanan
478,pekerjaan
479,reformasi
480,pekerjaan
481,pemerataan
482,reformasi
483,sdm
484,reformasi
485,reformasi
486,reformasi
487,reformasi
488,ideologi
489,reformasi
490,pekerjaan
491,reformasi
492,reformasi
493,reformasi
494,harmoni
495,reformasi
496,ideologi
497,reformasi
498,reformasi
499,pekerjaan
500,pemerataan
501,reformasi
502,pekerjaan
503,reformasi
504,reformasi
505,reformasi
506,pekerjaan
507,reformasi
508,reformasi
509,harmoni
510,pertahanan
511,reformasi
512,pertahanan
513,reformasi
514,reformasi
515,harmoni
516,ideologi
517,reformasi
518,pertahanan
519,reformasi
520,sdm
521,pekerjaan
522,reformasi
523,pekerjaan
524,reformasi
525,reformasi
526,reformasi
527,reformasi
528,ideologi
529,reformasi
530,reformasi
531,reformasi
532,reformasi
533,pemerataan
534,pemerataan
535,pertahanan
536,reformasi
537,sdm
538,sdm
539,pertahanan
540,reformasi
541,reformasi
542,reformasi
543,reformasi
544,pekerjaan
545,reformasi
546,reformasi
547,sdm
548,reformasi
549,sdm
550,reformasi
551,pertahanan
552,pertahanan
553,sdm
554,sdm
555,ideologi
556,pertahanan
557,ideologi
558,harmoni
559,ideologi
560,reformasi
561,pertahanan
562,reformasi
563,reformasi
564,reformasi
565,reformasi
566,pekerjaan
567,pekerjaan
568,pekerjaan
569,reformasi
570,reformasi
571,reformasi
572,reformasi
573,pekerjaan
574,pemerataan
575,pekerjaan
576,sdm
577,pertahanan
578,pekerjaan
579,ideologi
580,reformasi
581,reformasi
582,pekerjaan
583,reformasi
584,reformasi
585,ideologi
586,reformasi
587,sdm
588,reformasi
589,pekerjaan
590,reformasi
591,harmoni
592,reformasi
593,pertahanan
594,harmoni
595,reformasi
596,pekerjaan
597,ideologi
598,reformasi
599,reformasi
600,reformasi
601,reformasi
602,reformasi
603,reformasi
604,reformasi
605,pekerjaan
606,pekerjaan
607,harmoni
608,reformasi
609,reformasi
610,reformasi
611,reformasi
612,reformasi
613,reformasi
614,pertahanan
615,pertahanan
616,ideologi
617,reformasi
618,reformasi
619,reformasi
620,ideologi
621,reformasi
622,reformasi
623,pertahanan
624,pertahanan
625,pekerjaan
626,pekerjaan
627,reformasi
628,reformasi
629,reformasi
630,reformasi
631,reformasi
632,reformasi
633,reformasi
634,sdm
635,reformasi
636,reformasi
637,reformasi
638,reformasi
639,reformasi
640,sdm
641,ideologi
642,reformasi
643,reformasi
644,hilirisasi
645,reformasi
646,pekerjaan
647,reformasi
648,ideologi
649,reformasi
650,pertahanan
651,reformasi
652,reformasi
653,reformasi
654,pertahanan
655,reformasi
656,harmoni
657,reformasi
658,sdm
659,reformasi
660,pertahanan
661,reformasi
662,pekerjaan
663,reformasi
664,ideologi
665,reformasi
666,reformasi
667,reformasi
668,pekerjaan
669,reformasi
670,reformasi
671,harmoni
672,reformasi
673,reformasi
674,reformasi
675,pertahanan
676,reformasi
677,reformasi
678,reformasi
679,pertahanan
680,sdm
681,reformasi
682,reformasi
683,reformasi
684,pemerataan
685,pemerataan
686,reformasi
687,sdm
688,reformasi
689,reformasi
690,pekerjaan
691,reformasi
692,pekerjaan
693,ideologi
694,ideologi
695,reformasi
696,pekerjaan
697,reformasi
698,ideologi
699,reformasi
700,reformasi
701,reformasi
702,reformasi
703,reformasi
704,reformasi
705,reformasi
706,reformasi
707,sdm
708,reformasi
709,ideologi
710,reformasi
711,pertahanan
712,ideologi
713,reformasi
714,pekerjaan
715,reformasi
716,pekerjaan
717,reformasi
718,pekerjaan
719,reformasi
720,reformasi
721,reformasi
722,reformasi
723,ideologi
724,reformasi
725,ideologi
726,reformasi
727,reformasi
728,reformasi
729,reformasi
730,reformasi
731,reformasi
732,pertahanan
733,ideologi
734,reformasi
735,reformasi
736,reformasi
737,pekerjaan
738,reformasi
739,pekerjaan
740,reformasi
741,reformasi
742,harmoni
743,reformasi
744,pertahanan
745,reformasi
746,reformasi
747,reformasi
748,reformasi
749,reformasi
750,reformasi
751,sdm
752,reformasi
753,reformasi
754,reformasi
755,ideologi
756,reformasi
757,reformasi
758,pertahanan
759,reformasi
760,pertahanan
761,ideologi
762,reformasi
763,pertahanan
764,hilirisasi
765,ideologi
766,ideologi
767,pekerjaan
768,reformasi
769,reformasi
770,sdm
771,harmoni
772,reformasi
773,reformasi
774,pertahanan
775,reformasi
776,harmoni
777,harmoni
778,reformasi
779,reformasi
780,ideologi
781,reformasi
782,reformasi
783,sdm
784,pertahanan
785,harmoni
786,pertahanan
787,reformasi
788,reformasi
789,reformasi
790,reformasi
791,reformasi
792,pertahanan
793,harmoni
794,harmoni
795,pekerjaan
796,pekerjaan
797,pekerjaan
798,reformasi
799,harmoni
800,reformasi
801,pekerjaan
802,reformasi
803,harmoni
804,reformasi
805,sdm
806,reformasi
807,pekerjaan
808,harmoni
809,reformasi
810,pemerataan
811,pekerjaan
812,sdm
813,pertahanan
814,reformasi
815,reformasi
816,pertahanan
817,reformasi
818,reformasi
819,reformasi
820,harmoni
821,sdm
822,reformasi
823,reformasi
824,reformasi
825,harmoni
826,reformasi
827,harmoni
828,pertahanan
829,pekerjaan
830,pekerjaan
831,reformasi
832,sdm
833,reformasi
834,reformasi
835,pekerjaan
836,pekerjaan
837,reformasi
838,reformasi
839,reformasi
840,reformasi
841,pertahanan
842,pekerjaan
843,reformasi
844,reformasi
845,pertahanan
846,ideologi
847,reformasi
848,reformasi
849,reformasi
850,sdm
851,pemerataan
852,reformasi
853,reformasi
854,reformasi
855,pekerjaan
856,reformasi
857,ideologi
858,reformasi
859,reformasi
860,pekerjaan
861,reformasi
862,reformasi
863,reformasi
864,pemerataan
865,ideologi
866,reformasi
867,reformasi
868,pertahanan
869,reformasi
870,reformasi
871,reformasi
872,ideologi
873,sdm
874,pertahanan
875,reformasi
876,pekerjaan
877,sdm
878,reformasi
879,pertahanan
880,pekerjaan
881,pertahanan
882,reformasi
883,pekerjaan
884,pekerjaan
885,ideologi
886,sdm
887,reformasi
888,reformasi
889,reformasi
890,ideologi
891,reformasi
892,pemerataan
893,reformasi
894,reformasi
895,pekerjaan
896,harmoni
897,reformasi
898,pertahanan
899,reformasi
900,reformasi
901,reformasi
902,reformasi
903,reformasi
904,reformasi
905,reformasi
906,pertahanan
907,reformasi
908,ideologi
909,pekerjaan
910,reformasi
911,pekerjaan
912,reformasi
913,harmoni
914,pekerjaan
915,reformasi
916,reformasi
917,reformasi
918,ideologi
919,reformasi
920,reformasi
921,pertahanan
922,pekerjaan
923,reformasi
924,pertahanan
925,reformasi
926,reformasi
927,pekerjaan
928,reformasi
929,pekerjaan
930,reformasi
931,sdm
932,reformasi
933,ideologi
934,reformasi
935,reformasi
936,pekerjaan
937,reformasi
938,pertahanan
939,reformasi
940,reformasi
941,reformasi
942,sdm
943,reformasi
944,sdm
945,reformasi
946,reformasi
947,reformasi
948,reformasi
949,reformasi
950,reformasi
951,sdm
952,pekerjaan
953,reformasi
954,pemerataan
955,pekerjaan
956,reformasi
957,ideologi
958,pekerjaan
959,reformasi
960,reformasi
961,ideologi
962,reformasi
963,sdm
964,reformasi
965,reformasi
966,hilirisasi
967,reformasi
968,reformasi
969,pertahanan
970,ideologi
971,pekerjaan
972,reformasi
973,reformasi
974,reformasi
975,reformasi
976,sdm
977,sdm
978,ideologi
979,pekerjaan
980,reformasi
981,pekerjaan
982,reformasi
983,ideologi
984,reformasi
985,reformasi
986,reformasi
987,pekerjaan
988,reformasi
989,pekerjaan
990,reformasi
991,ideologi
992,pertahanan
993,reformasi
994,reformasi
995,harmoni
996,reformasi
997,reformasi
998,reformasi
999,reformasi
1000,pertahanan
1001,reformasi
1002,sdm
1003,pekerjaan
1004,reformasi
1005,reformasi
1006,sdm
1007,reformasi
1008,reformasi
1009,reformasi
1010,reformasi
1011,reformasi
1012,reformasi
1013,reformasi
1014,sdm
1015,reformasi
1016,pekerjaan
1017,reformasi
1018,reformasi
1019,pemerataan
1020,reformasi
1021,reformasi
1022,reformasi
1023,pertahanan
1024,pertahanan
1025,pekerjaan
1026,pekerjaan
1027,ideologi
1028,reformasi
1029,reformasi
1030,reformasi
1031,pekerjaan
1032,pekerjaan
1033,reformasi
1034,reformasi
1035,pekerjaan
1036,pekerjaan
1037,pekerjaan
1038,reformasi
1039,harmoni
1040,sdm
1041,reformasi
1042,reformasi
1043,pertahanan
1044,harmoni
1045,reformasi
1046,reformasi
1047,reformasi
1048,ideologi
1049,pekerjaan
1050,reformasi
1051,reformasi
1052,reformasi
1053,pekerjaan
1054,ideologi
1055,reformasi
1056,ideologi
1057,reformasi
1058,ideologi
1059,pekerjaan
1060,reformasi
1061,reformasi
1062,reformasi
1063,harmoni
1064,reformasi
1065,reformasi
1066,ideologi
1067,sdm
1068,reformasi
1069,pemerataan
1070,reformasi
1071,reformasi
1072,reformasi
1073,reformasi
1074,hilirisasi
1075,reformasi
1076,ideologi
1077,pekerjaan
1078,reformasi
1079,pekerjaan
1080,reformasi
1081,reformasi
1082,ideologi
1083,reformasi
1084,reformasi
1085,pekerjaan
1086,ideologi
1087,pemerataan
1088,reformasi
1089,reformasi
1090,reformasi
1091,harmoni
1092,ideologi
1093,reformasi
1094,reformasi
1095,reformasi
1096,reformasi
1097,reformasi
1098,sdm
1099,pertahanan
1100,reformasi
1101,reformasi
1102,harmoni
1103,pertahanan
1104,reformasi
1105,ideologi
1106,reformasi
1107,reformasi
1108,reformasi
1109,reformasi
1110,reformasi
1111,pekerjaan
1112,ideologi
1113,reformasi
1114,reformasi
1115,pertahanan
1116,reformasi
1117,pekerjaan
1118,reformasi
1119,reformasi
1120,ideologi
1121,ideologi
1122,ideologi
1123,sdm
1124,reformasi
1125,sdm
1126,reformasi
1127,pertahanan
1128,reformasi
1129,reformasi
1130,reformasi
1131,pertahanan
1132,sdm
1133,pekerjaan
1134,reformasi
1135,reformasi
1136,reformasi
1137,reformasi
1138,harmoni
1139,reformasi
1140,reformasi
1141,ideologi
1142,reformasi
1143,pekerjaan
1144,hilirisasi
1145,reformasi
1146,harmoni
1147,reformasi
1148,reformasi
1149,harmoni
1150,pekerjaan
1151,reformasi
1152,pertahanan
1153,pekerjaan
1154,reformasi
1155,reformasi
1156,reformasi
1157,reformasi
1158,reformasi
1159,reformasi
1160,ideologi
1161,reformasi
1162,pertahanan
1163,pertahanan
1164,pekerjaan
1165,pekerjaan
1166,reformasi
1167,pekerjaan
1168,pertahanan
1169,reformasi
1170,reformasi
1171,ideologi
1172,reformasi
1173,pertahanan
1174,pertahanan
1175,ideologi
1176,reformasi
1177,reformasi
1178,reformasi
1179,pertahanan
1180,pertahanan
1181,reformasi
1182,pekerjaan
1183,reformasi
1184,reformasi
1185,reformasi
1186,reformasi
1187,harmoni
1188,reformasi
1189,reformasi
1190,reformasi
1191,ideologi
1192,reformasi
1193,reformasi
1194,ideologi
1195,ideologi
1196,ideologi
1197,reformasi
1198,reformasi
1199,reformasi
1200,reformasi
1201,reformasi
1202,reformasi
1203,reformasi
1204,reformasi
1205,ideologi
1206,reformasi
1207,pekerjaan
1208,reformasi
1209,sdm
1210,pekerjaan
1211,harmoni
1212,reformasi
1213,sdm
1214,reformasi
1215,reformasi
1216,reformasi
1217,pertahanan
1218,sdm
1219,reformasi
1220,sdm
1221,reformasi
1222,reformasi
1223,reformasi
1224,reformasi
1225,reformasi
1226,reformasi
1227,pekerjaan
1228,harmoni
1229,pekerjaan
1230,reformasi
1231,reformasi
1232,reformasi
1233,harmoni
1234,pekerjaan
1235,harmoni
1236,reformasi
1237,reformasi
1238,reformasi
1239,reformasi
1240,pertahanan
1241,pekerjaan
1242,sdm
1243,pertahanan
1244,pemerataan
1245,ideologi
1246,ideologi
1247,sdm
1248,reformasi
1249,ideologi
1250,harmoni
1251,harmoni
1252,reformasi
1253,ideologi
1254,reformasi
1255,pekerjaan
1256,reformasi
1257,ideologi
1258,ideologi
1259,sdm
1260,reformasi
1261,reformasi
1262,ideologi
1263,reformasi
1264,ideologi
1265,reformasi
1266,pemerataan
1267,sdm
1268,reformasi
1269,reformasi
1270,ideologi
1271,reformasi
1272,reformasi
1273,ideologi
1274,reformasi
1275,pekerjaan
1276,pertahanan
1277,reformasi
1278,ideologi
1279,pertahanan
1280,sdm
1281,reformasi
1282,pertahanan
1283,pekerjaan
1284,reformasi
1285,pertahanan
1286,ideologi
1287,ideologi
1288,ideologi
1289,reformasi
1290,sdm
1291,pekerjaan
1292,hilirisasi
1293,reformasi
1294,reformasi
1295,reformasi
1296,reformasi
1297,reformasi
1298,reformasi
1299,pemerataan
1300,reformasi
1301,sdm
1302,pekerjaan
1303,reformasi
1304,pertahanan
1305,sdm
1306,reformasi
1307,reformasi
1308,pertahanan
1309,reformasi
1310,reformasi
1311,sdm
1312,reformasi
1313,pertahanan
1314,reformasi
1315,reformasi
1316,pekerjaan
1317,sdm
1318,pertahanan
1319,harmoni
1320,pertahanan
1321,reformasi
1322,pekerjaan
1323,pekerjaan
1324,pertahanan
1325,reformasi
1326,pekerjaan
1327,reformasi
1328,pekerjaan
1329,ideologi
1330,reformasi
1331,reformasi
1332,pertahanan
1333,reformasi
1334,reformasi
1335,ideologi
1336,sdm
1337,pekerjaan
1338,sdm
1339,reformasi
1340,reformasi
1341,reformasi
1342,harmoni
1343,reformasi
1344,pertahanan
1345,harmoni
1346,ideologi
1347,sdm
1348,reformasi
1349,pertahanan
1350,reformasi
1351,reformasi
1352,pemerataan
1353,reformasi
1354,pekerjaan
1355,reformasi
1356,reformasi
1357,ideologi
1358,sdm
1359,reformasi
1360,harmoni
1361,harmoni
1362,ideologi
1363,pertahanan
1364,pemerataan
1365,harmoni
1366,reformasi
1367,reformasi
1368,reformasi
1369,reformasi
1370,pekerjaan
1371,reformasi
1372,sdm
1373,reformasi
1374,reformasi
1375,reformasi
1376,reformasi
1377,sdm
1378,reformasi
1379,reformasi
1380,pertahanan
1381,reformasi
1382,pekerjaan
1383,reformasi
1384,pekerjaan
1385,sdm
1386,reformasi
1387,harmoni
1388,pekerjaan
1389,reformasi
1390,ideologi
1391,pekerjaan
1392,ideologi
1393,reformasi
1394,ideologi
1395,reformasi
1396,reformasi
1397,reformasi
1398,reformasi
1399,sdm
1400,pertahanan
1401,reformasi
1402,ideologi
1403,reformasi
1404,pekerjaan
1405,reformasi
1406,ideologi
1407,sdm
1408,ideologi
1409,pekerjaan
1410,sdm
1411,pertahanan
1412,reformasi
1413,reformasi
1414,reformasi
1415,harmoni
1416,reformasi
1417,reformasi
1418,reformasi
1419,sdm
1420,reformasi
1421,harmoni
1422,ideologi
1423,reformasi
1424,reformasi
1425,reformasi
1426,sdm
1427,pertahanan
1428,ideologi
1429,reformasi
1430,ideologi
1431,reformasi
1432,pertahanan
1433,reformasi
1434,pekerjaan
1435,pekerjaan
1436,reformasi
1437,reformasi
1438,ideologi
1439,pekerjaan
1440,reformasi
1441,sdm
1442,pekerjaan
1443,reformasi
1444,reformasi
1445,pekerjaan
1446,reformasi
1447,pertahanan
1448,pekerjaan
1449,pertahanan
1450,ideologi
1451,sdm
1452,reformasi
1453,reformasi
1454,reformasi
1455,ideologi
1456,reformasi
1457,sdm
1458,pertahanan
1459,reformasi
1460,reformasi
1461,pertahanan
1462,pekerjaan
1463,reformasi
1464,reformasi
1465,reformasi
1466,reformasi
1467,pekerjaan
1468,reformasi
1469,reformasi
1470,reformasi
1471,reformasi
1472,ideologi
1473,reformasi
1474,ideologi
1475,reformasi
1476,reformasi
1477,reformasi
1478,reformasi
1479,reformasi
1480,reformasi
1481,reformasi
1482,reformasi
1483,ideologi
1484,pekerjaan
1485,reformasi
1486,reformasi
1487,sdm
1488,reformasi
1489,pertahanan
1490,reformasi
1491,pertahanan
1492,ideologi
1493,sdm
1494,ideologi
1495,ideologi
1496,ideologi
1497,reformasi
1498,reformasi
1499,reformasi
1500,reformasi
1501,reformasi
1502,pekerjaan
1503,reformasi
1504,ideologi
1505,reformasi
1506,pertahanan
1507,reformasi
1508,harmoni
1509,reformasi
1510,pekerjaan
1511,reformasi
1512,reformasi
1513,harmoni
1514,reformasi
1515,pekerjaan
1516,reformasi
1517,reformasi
1518,reformasi
1519,pekerjaan
1520,sdm
1521,reformasi
1522,reformasi
1523,ideologi
1524,pertahanan
1525,reformasi
1526,harmoni
1527,harmoni
1528,reformasi
1529,reformasi
1530,reformasi
1531,pertahanan
1532,ideologi
1533,harmoni
1534,reformasi
1535,reformasi
1536,sdm
1537,reformasi
1538,sdm
1539,pertahanan
1540,reformasi
1541,reformasi
1542,pertahanan
1543,harmoni
1544,ideologi
1545,ideologi
1546,reformasi
1547,reformasi
1548,pemerataan
1549,reformasi
1550,reformasi
1551,reformasi
1552,pekerjaan
1553,reformasi
1554,pekerjaan
1555,reformasi
1556,pertahanan
1557,reformasi
1558,reformasi
1559,reformasi
1560,ideologi
1561,ideologi
1562,reformasi
1563,pertahanan
1564,pertahanan
1565,reformasi
1566,pekerjaan
1567,harmoni
1568,reformasi
1569,pertahanan
1570,pertahanan
1571,pertahanan
1572,reformasi
1573,pekerjaan
1574,ideologi
1575,reformasi
1576,pertahanan
1577,reformasi
1578,harmoni
1579,reformasi
1580,reformasi
1581,pekerjaan
1582,reformasi
1583,reformasi
1584,hilirisasi
1585,ideologi
1586,harmoni
1587,reformasi
1588,pertahanan
1589,reformasi
1590,reformasi
1591,reformasi
1592,reformasi
1593,ideologi
1594,reformasi
1595,reformasi
1596,reformasi
1597,reformasi
1598,reformasi
1599,reformasi
1600,ideologi
1601,harmoni
1602,reformasi
1603,sdm
1604,reformasi
1605,reformasi
1606,pertahanan
1607,reformasi
1608,reformasi
1609,sdm
1610,reformasi
1611,reformasi
1612,reformasi
1613,reformasi
1614,reformasi
1615,sdm
1616,reformasi
1617,reformasi
1618,reformasi
1619,reformasi
1620,ideologi
1621,pemerataan
1622,ideologi
1623,reformasi
1624,reformasi
1625,pertahanan
1626,reformasi
1627,reformasi
1628,reformasi
1629,pertahanan
1630,pekerjaan
1631,pertahanan
1632,reformasi
1633,reformasi
1634,reformasi
1635,sdm
1636,reformasi
1637,harmoni
1638,reformasi
1639,ideologi
1640,reformasi
1641,harmoni
1642,pemerataan
1643,reformasi
1644,reformasi
1645,sdm
1646,reformasi
1647,pemerataan
1648,reformasi
1649,sdm
1650,reformasi
1651,reformasi
1652,reformasi
1653,reformasi
1654,reformasi
1655,reformasi
1656,ideologi
1657,reformasi
1658,reformasi
1659,pertahanan
1660,reformasi
1661,reformasi
1662,reformasi
1663,reformasi
1664,reformasi
1665,reformasi
1666,sdm
1667,reformasi
1668,sdm
1669,pertahanan
1670,sdm
1671,reformasi
1672,reformasi
1673,pertahanan
1674,pekerjaan
1675,reformasi
1676,pekerjaan
1677,reformasi
1678,reformasi
1679,reformasi
1680,reformasi
1681,pekerjaan
1682,ideologi
1683,pertahanan
1684,reformasi
1685,reformasi
1686,reformasi
1687,ideologi
1688,pertahanan
1689,reformasi
1690,harmoni
1691,pekerjaan
1692,reformasi
1693,ideologi
1694,reformasi
1695,harmoni
1696,pertahanan
1697,reformasi
1698,reformasi
1699,reformasi
1700,reformasi
1701,reformasi
1702,reformasi
1703,reformasi
1704,reformasi
1705,ideologi
1706,pertahanan
1707,pekerjaan
1708,harmoni
1709,pertahanan
1710,reformasi
1711,reformasi
1712,ideologi
1713,reformasi
1714,pekerjaan
1715,harmoni
1716,reformasi
1717,reformasi
1718,reformasi
1719,pekerjaan
1720,pekerjaan
1721,sdm
1722,reformasi
1723,reformasi
1724,reformasi
1725,reformasi
1726,reformasi
1727,reformasi
1728,reformasi
1729,pekerjaan
1730,reformasi
1731,ideologi
1732,reformasi
1733,pemerataan
1734,reformasi
1735,pemerataan
1736,pekerjaan
1737,reformasi
1738,reformasi
1739,harmoni
1740,reformasi
1741,reformasi
1742,sdm
1743,sdm
1744,reformasi
1745,reformasi
1746,sdm
1747,reformasi
1748,reformasi
1749,reformasi
1750,reformasi
1751,reformasi
1752,ideologi
1753,reformasi
1754,pertahanan
1755,reformasi
1756,hilirisasi
1757,pemerataan
1758,reformasi
1759,reformasi
1760,reformasi
1761,sdm
1762,pekerjaan
1763,reformasi
1764,pemerataan
1765,sdm
1766,pertahanan
1767,pertahanan
1768,ideologi
1769,reformasi
1770,ideologi
1771,ideologi
1772,pekerjaan
1773,reformasi
1774,pekerjaan
1775,reformasi
1776,reformasi
1777,reformasi
1778,pertahanan
1779,reformasi
1780,reformasi
1781,reformasi
1782,reformasi
1783,ideologi
1784,reformasi
1785,reformasi
1786,pekerjaan
1787,reformasi
1788,reformasi
1789,reformasi
1790,reformasi
1791,reformasi
1792,reformasi
1793,reformasi
1794,reformasi
1795,pertahanan
1796,ideologi
1797,reformasi
1798,reformasi
1799,reformasi
1800,sdm
1801,ideologi
1802,ideologi
1803,reformasi
1804,reformasi
1805,ideologi
1806,reformasi
1807,reformasi
1808,pemerataan
1809,reformasi
1810,reformasi
1811,ideologi
1812,reformasi
1813,reformasi
1814,reformasi
1815,reformasi
1816,reformasi
1817,pekerjaan
1818,reformasi
1819,reformasi
1820,reformasi
1821,reformasi
1822,reformasi
1823,pekerjaan
1824,reformasi
1825,pekerjaan
1826,reformasi
1827,reformasi
1828,reformasi
1829,reformasi
1830,ideologi
1831,reformasi
1832,pekerjaan
1833,reformasi
1834,reformasi
1835,reformasi
1836,reformasi
1837,reformasi
1838,sdm
1839,reformasi
1840,harmoni
1841,reformasi
1842,reformasi
1843,reformasi
1844,reformasi
1845,harmoni
1846,reformasi
1847,reformasi
1848,ideologi
1849,reformasi
1850,reformasi
1851,pekerjaan
1852,reformasi
1853,reformasi
1854,pertahanan
1855,reformasi
1856,reformasi
1857,pertahanan
1858,reformasi
1859,reformasi
1860,reformasi
1861,ideologi
1862,reformasi
1863,reformasi
1864,pekerjaan
1865,reformasi
1866,reformasi
1867,reformasi
1868,reformasi
1869,reformasi
1870,pertahanan
1871,pertahanan
1872,reformasi
1873,reformasi
1874,pertahanan
1875,reformasi
1876,reformasi
1877,reformasi
1878,reformasi
1879,reformasi
1880,ideologi
1881,reformasi
1882,reformasi
1883,reformasi
1884,pekerjaan
1885,pekerjaan
1886,sdm
1887,pertahanan
1888,reformasi
1889,pertahanan
1890,pertahanan
1891,reformasi
1892,reformasi
1893,sdm
1894,pertahanan
1895,reformasi
1896,reformasi
1897,reformasi
1898,reformasi
1899,harmoni
1900,reformasi
1901,reformasi
1902,reformasi
1903,reformasi
1904,harmoni
1905,reformasi
1906,reformasi
1907,pekerjaan
1908,reformasi
1909,reformasi
1910,reformasi
1911,reformasi
1912,harmoni
1913,pemerataan
1914,reformasi
1915,reformasi
1916,reformasi
1917,hilirisasi
1918,reformasi
1919,reformasi
1920,pekerjaan
1921,pekerjaan
1922,reformasi
1923,reformasi
1924,harmoni
1925,reformasi
1926,pekerjaan
1927,reformasi
1928,ideologi
1929,reformasi
1930,reformasi
1931,reformasi
1932,reformasi
1933,reformasi
1934,pertahanan
1935,reformasi
1936,reformasi
1937,reformasi
1938,reformasi
1939,harmoni
1940,reformasi
1941,reformasi
1942,reformasi
1943,ideologi
1944,reformasi
1945,reformasi
1946,pekerjaan
1947,reformasi
1948,reformasi
1949,reformasi
1950,reformasi
1951,reformasi
1952,ideologi
1953,sdm
1954,pekerjaan
1955,pertahanan
1956,reformasi
1957,pekerjaan
1958,pertahanan
1959,reformasi
1960,ideologi
1961,reformasi
1962,sdm
1963,harmoni
1964,reformasi
1965,reformasi
1966,reformasi
1967,ideologi
1968,pertahanan
1969,pekerjaan
1970,pertahanan
1971,reformasi
1972,pekerjaan
1973,reformasi
1974,pertahanan
1975,pekerjaan
1976,reformasi
1977,pertahanan
1978,reformasi
1979,reformasi
1980,reformasi
1981,ideologi
1982,reformasi
1983,reformasi
1984,reformasi
1985,reformasi
1986,reformasi
1987,pemerataan
1988,ideologi
1989,reformasi
1990,reformasi
1991,sdm
1992,reformasi
1993,reformasi
1994,reformasi
1995,reformasi
1996,reformasi
1997,reformasi
1998,reformasi
1999,reformasi
2000,ideologi
2001,sdm
2002,pekerjaan
2003,pekerjaan
2004,sdm
2005,reformasi
2006,reformasi
2007,pekerjaan
2008,reformasi
2009,reformasi
2010,ideologi
2011,reformasi
2012,ideologi
2013,reformasi
2014,pertahanan
2015,reformasi
2016,sdm
2017,reformasi
2018,reformasi
2019,reformasi
2020,reformasi
2021,reformasi
2022,reformasi
2023,pekerjaan
2024,ideologi
2025,reformasi
2026,reformasi
2027,reformasi
2028,reformasi
2029,reformasi
2030,reformasi
2031,pemerataan
2032,reformasi
2033,reformasi
2034,pertahanan
2035,reformasi
2036,reformasi
2037,reformasi
2038,reformasi
2039,reformasi
2040,reformasi
2041,pertahanan
2042,reformasi
2043,reformasi
2044,reformasi
2045,ideologi
2046,ideologi
2047,reformasi
2048,ideologi
2049,reformasi
2050,pertahanan
2051,reformasi
2052,pertahanan
2053,ideologi
2054,pekerjaan
2055,reformasi
2056,reformasi
2057,reformasi
2058,reformasi
2059,reformasi
2060,reformasi
2061,pekerjaan
2062,pemerataan
2063,sdm
2064,reformasi
2065,sdm
2066,reformasi
2067,reformasi
2068,pertahanan
2069,ideologi
2070,reformasi
2071,pertahanan
2072,reformasi
2073,reformasi
2074,pekerjaan
2075,reformasi
2076,reformasi
2077,pertahanan
2078,reformasi
2079,reformasi
2080,sdm
2081,reformasi
2082,reformasi
2083,reformasi
2084,ideologi
2085,reformasi
2086,pertahanan
2087,pekerjaan
2088,reformasi
2089,reformasi
2090,pekerjaan
2091,reformasi
2092,reformasi
2093,reformasi
2094,reformasi
2095,reformasi
2096,reformasi
2097,reformasi
2098,pekerjaan
2099,reformasi
2100,ideologi
2101,pemerataan
2102,reformasi
2103,reformasi
2104,pekerjaan
2105,pertahanan
2106,reformasi
2107,sdm
2108,reformasi
2109,reformasi
2110,harmoni
2111,sdm
2112,reformasi
2113,harmoni
2114,pertahanan
2115,pertahanan
2116,pekerjaan
2117,reformasi
2118,pertahanan
2119,pertahanan
2120,pertahanan
2121,reformasi
2122,pertahanan
2123,reformasi
2124,ideologi
2125,ideologi
2126,ideologi
2127,reformasi
2128,reformasi
2129,pekerjaan
2130,harmoni
2131,pertahanan
2132,reformasi
2133,reformasi
2134,reformasi
2135,reformasi
2136,reformasi
2137,reformasi
2138,reformasi
2139,pertahanan
2140,reformasi
2141,pertahanan
2142,reformasi
2143,reformasi
2144,reformasi
2145,harmoni
2146,harmoni
2147,reformasi
2148,reformasi
2149,sdm
2150,reformasi
2151,reformasi
2152,pekerjaan
2153,pertahanan
2154,pertahanan
2155,reformasi
2156,reformasi
2157,pekerjaan
2158,pekerjaan
2159,reformasi
2160,pemerataan
2161,pekerjaan
2162,pertahanan
2163,pemerataan
2164,pekerjaan
2165,ideologi
2166,reformasi
2167,reformasi
2168,reformasi
2169,reformasi
2170,pertahanan
2171,harmoni
2172,reformasi
2173,pekerjaan
2174,reformasi
2175,ideologi
2176,harmoni
2177,reformasi
2178,pemerataan
2179,pertahanan
2180,reformasi
2181,reformasi
2182,reformasi
2183,reformasi
2184,reformasi
2185,reformasi
2186,pertahanan
2187,reformasi
2188,reformasi
2189,pertahanan
2190,harmoni
2191,reformasi
2192,reformasi
2193,pertahanan
2194,reformasi
2195,reformasi
2196,reformasi
2197,reformasi
2198,reformasi
2199,reformasi
2200,ideologi
2201,reformasi
2202,pemerataan
2203,reformasi
2204,harmoni
2205,reformasi
2206,reformasi
2207,reformasi
2208,reformasi
2209,reformasi
2210,reformasi
2211,pekerjaan
2212,reformasi
2213,pertahanan
2214,pekerjaan
2215,pertahanan
2216,reformasi
2217,sdm
2218,reformasi
2219,reformasi
2220,reformasi
2221,reformasi
2222,reformasi
2223,reformasi
2224,hilirisasi
2225,reformasi
2226,reformasi
2227,reformasi
2228,reformasi
2229,reformasi
2230,reformasi
2231,reformasi
2232,reformasi
2233,hilirisasi
2234,pekerjaan
2235,reformasi
2236,reformasi
2237,reformasi
2238,reformasi
2239,sdm
2240,reformasi
2241,reformasi
2242,ideologi
2243,ideologi
2244,harmoni
2245,reformasi
2246,reformasi
2247,ideologi
2248,reformasi
2249,reformasi
2250,reformasi
2251,reformasi
2252,reformasi
2253,pekerjaan
2254,reformasi
2255,reformasi
2256,pertahanan
2257,reformasi
2258,pekerjaan
2259,reformasi
2260,pekerjaan
2261,ideologi
2262,reformasi
2263,reformasi
2264,reformasi
2265,pertahanan
2266,harmoni
2267,reformasi
2268,reformasi
2269,reformasi
2270,pertahanan
2271,reformasi
2272,reformasi
2273,reformasi
2274,reformasi
2275,reformasi
2276,pekerjaan
2277,sdm
2278,reformasi
2279,ideologi
2280,reformasi
2281,reformasi
2282,reformasi
2283,reformasi
2284,sdm
2285,reformasi
2286,harmoni
2287,ideologi
2288,reformasi
2289,reformasi
2290,reformasi
2291,reformasi
2292,reformasi
2293,reformasi
2294,pertahanan
2295,pertahanan
2296,reformasi
2297,reformasi
2298,reformasi
2299,sdm
2300,pekerjaan
2301,ideologi
2302,pekerjaan
2303,pemerataan
2304,reformasi
2305,pekerjaan
2306,reformasi
2307,ideologi
2308,harmoni
2309,pekerjaan
2310,reformasi
2311,pertahanan
2312,reformasi
2313,reformasi
2314,pemerataan
2315,reformasi
2316,reformasi
2317,reformasi
2318,reformasi
2319,reformasi
2320,harmoni
2321,pertahanan
2322,reformasi
2323,pekerjaan
2324,reformasi
2325,pekerjaan
2326,reformasi
2327,sdm
2328,reformasi
2329,reformasi
2330,reformasi
2331,ideologi
2332,pekerjaan
2333,sdm
2334,pekerjaan
2335,reformasi
2336,pemerataan
2337,reformasi
2338,reformasi
2339,reformasi
2340,ideologi
2341,reformasi
2342,ideologi
2343,pertahanan
2344,reformasi
2345,ideologi
2346,reformasi
2347,reformasi
2348,reformasi
2349,sdm
2350,reformasi
2351,reformasi
2352,reformasi
2353,reformasi
2354,pekerjaan
2355,reformasi
2356,pekerjaan
2357,pemerataan
2358,reformasi
2359,reformasi
2360,pekerjaan
2361,pertahanan
2362,reformasi
2363,reformasi
2364,reformasi
2365,ideologi
2366,reformasi
2367,pemerataan
2368,reformasi
2369,sdm
2370,pertahanan
2371,reformasi
2372,pekerjaan
2373,pertahanan
2374,reformasi
2375,reformasi
2376,reformasi
2377,reformasi
2378,reformasi
2379,reformasi
2380,sdm
2381,reformasi
2382,sdm
2383,reformasi
2384,reformasi
2385,harmoni
2386,reformasi
2387,ideologi
2388,reformasi
2389,sdm
2390,sdm
2391,reformasi
2392,harmoni
2393,ideologi
2394,reformasi
2395,reformasi
2396,pertahanan
2397,harmoni
2398,ideologi
2399,reformasi
2400,reformasi
2401,pertahanan
2402,reformasi
2403,reformasi
2404,reformasi
2405,pemerataan
2406,reformasi
2407,ideologi
2408,pemerataan
2409,reformasi
2410,reformasi
2411,pertahanan
2412,pekerjaan
2413,reformasi
2414,reformasi
2415,pertahanan
2416,harmoni
2417,reformasi
2418,pemerataan
2419,reformasi
2420,reformasi
2421,ideologi
2422,reformasi
2423,sdm
2424,reformasi
2425,ideologi
2426,reformasi
2427,ideologi
2428,pekerjaan
2429,pemerataan
2430,harmoni
2431,reformasi
2432,reformasi
2433,reformasi
2434,reformasi
2435,reformasi
2436,ideologi
2437,pertahanan
2438,reformasi
2439,pekerjaan
2440,ideologi
2441,reformasi
2442,reformasi
2443,reformasi
2444,reformasi
2445,pertahanan
2446,pertahanan
2447,reformasi
2448,ideologi
2449,reformasi
2450,reformasi
2451,reformasi
2452,pekerjaan
2453,reformasi
2454,ideologi
2455,reformasi
2456,reformasi
2457,reformasi
2458,ideologi
2459,reformasi
2460,sdm
2461,reformasi
2462,reformasi
2463,reformasi
2464,reformasi
2465,sdm
2466,reformasi
2467,reformasi
2468,reformasi
2469,pemerataan
2470,ideologi
2471,pemerataan
2472,reformasi
2473,ideologi
2474,reformasi
2475,pertahanan
2476,reformasi
2477,ideologi
2478,pertahanan
2479,reformasi
2480,pekerjaan
2481,reformasi
2482,reformasi
2483,pekerjaan
2484,reformasi
2485,ideologi
2486,ideologi
2487,reformasi
2488,reformasi
2489,reformasi
2490,reformasi
2491,pekerjaan
2492,reformasi
2493,pertahanan
2494,reformasi
2495,ideologi
2496,reformasi
2497,reformasi
2498,reformasi
2499,sdm
2500,reformasi
2501,reformasi
2502,pemerataan
2503,pekerjaan
2504,reformasi
2505,reformasi
2506,sdm
2507,reformasi
2508,reformasi
2509,pemerataan
2510,ideologi
2511,pekerjaan
2512,reformasi
2513,reformasi
2514,reformasi
2515,reformasi
2516,reformasi
2517,reformasi
2518,reformasi
2519,ideologi
2520,reformasi
2521,reformasi
2522,sdm
2523,sdm
2524,pertahanan
2525,reformasi
2526,reformasi
2527,ideologi
2528,pertahanan
2529,reformasi
2530,reformasi
2531,reformasi
2532,reformasi
2533,reformasi
2534,reformasi
2535,reformasi
2536,reformasi
2537,reformasi
2538,pekerjaan
2539,reformasi
2540,harmoni
2541,reformasi
2542,sdm
2543,ideologi
2544,pekerjaan
2545,reformasi
2546,ideologi
2547,reformasi
2548,reformasi
2549,reformasi
2550,reformasi
2551,reformasi
2552,ideologi
2553,pekerjaan
2554,reformasi
2555,harmoni
2556,reformasi
2557,reformasi
2558,pekerjaan
2559,reformasi
2560,pertahanan
2561,reformasi
2562,reformasi
2563,reformasi
2564,sdm
2565,reformasi
2566,reformasi
2567,reformasi
2568,reformasi
2569,reformasi
2570,reformasi
2571,ideologi
2572,ideologi
2573,reformasi
2574,reformasi
2575,pertahanan
2576,pekerjaan
2577,pekerjaan
2578,pekerjaan
2579,reformasi
2580,reformasi
2581,harmoni
2582,reformasi
2583,pekerjaan
2584,reformasi
2585,reformasi
2586,pekerjaan
2587,sdm
2588,reformasi
2589,pekerjaan
2590,reformasi
2591,reformasi
2592,harmoni
2593,pekerjaan
2594,pertahanan
2595,reformasi
2596,pekerjaan
2597,pekerjaan
2598,harmoni
2599,reformasi
2600,reformasi
2601,reformasi
2602,reformasi
2603,reformasi
2604,pekerjaan
2605,reformasi
2606,sdm
2607,reformasi
2608,ideologi
2609,reformasi
2610,pekerjaan
2611,reformasi
2612,reformasi
2613,reformasi
2614,pekerjaan
2615,pekerjaan
2616,ideologi
2617,reformasi
2618,pekerjaan
2619,reformasi
2620,reformasi
2621,reformasi
2622,reformasi
2623,pertahanan
2624,reformasi
2625,harmoni
2626,reformasi
2627,reformasi
2628,ideologi
2629,pertahanan
2630,reformasi
2631,pertahanan
2632,reformasi
2633,reformasi
2634,pertahanan
2635,reformasi
2636,reformasi
2637,pekerjaan
2638,reformasi
2639,reformasi
2640,hilirisasi
2641,reformasi
2642,pemerataan
2643,reformasi
2644,reformasi
2645,pertahanan
2646,pemerataan
2647,ideologi
2648,reformasi
2649,pekerjaan
2650,sdm
2651,reformasi
2652,sdm
2653,reformasi
2654,reformasi
2655,harmoni
2656,reformasi
2657,reformasi
2658,sdm
2659,pertahanan
2660,reformasi
2661,reformasi
2662,reformasi
2663,sdm
2664,pertahanan
2665,reformasi
2666,reformasi
2667,pertahanan
2668,reformasi
2669,reformasi
2670,ideologi
2671,pertahanan
2672,reformasi
2673,reformasi
2674,reformasi
2675,ideologi
2676,reformasi
2677,reformasi
2678,reformasi
2679,reformasi
2680,reformasi
2681,reformasi
2682,pekerjaan
2683,ideologi
2684,ideologi
2685,pekerjaan
2686,pertahanan
2687,reformasi
2688,harmoni
2689,reformasi
2690,reformasi
2691,ideologi
2692,ideologi
2693,reformasi
2694,pekerjaan
2695,reformasi
2696,ideologi
2697,sdm
2698,reformasi
2699,reformasi
2700,pertahanan
2701,pertahanan
2702,pekerjaan
2703,reformasi
2704,ideologi
2705,reformasi
2706,sdm
2707,reformasi
2708,sdm
2709,reformasi
2710,ideologi
2711,reformasi
2712,pekerjaan
2713,pemerataan
2714,pekerjaan
2715,ideologi
2716,reformasi
2717,reformasi
2718,reformasi
2719,harmoni
2720,reformasi
2721,reformasi
2722,reformasi
2723,reformasi
2724,reformasi
2725,harmoni
2726,reformasi
2727,reformasi
2728,pertahanan
2729,reformasi
2730,pertahanan
2731,reformasi
2732,ideologi
2733,pekerjaan
2734,reformasi
2735,reformasi
2736,reformasi
2737,pekerjaan
2738,reformasi
2739,harmoni
2740,reformasi
2741,ideologi
2742,pekerjaan
2743,ideologi
2744,reformasi
2745,pekerjaan
2746,reformasi
2747,harmoni
2748,sdm
2749,reformasi
2750,reformasi
2751,sdm
2752,harmoni
2753,reformasi
2754,reformasi
2755,reformasi
2756,pekerjaan
2757,reformasi
2758,harmoni
2759,reformasi
2760,sdm
2761,reformasi
2762,pekerjaan
2763,reformasi
2764,reformasi
2765,pertahanan
2766,reformasi
2767,pertahanan
2768,reformasi
2769,pekerjaan
2770,reformasi
2771,reformasi
2772,reformasi
2773,reformasi
2774,harmoni
2775,reformasi
2776,ideologi
2777,reformasi
2778,ideologi
2779,pekerjaan
2780,pertahanan
2781,reformasi
2782,sdm
2783,reformasi
2784,reformasi
2785,reformasi
2786,reformasi
2787,reformasi
2788,reformasi
2789,reformasi
2790,reformasi
2791,sdm
2792,reformasi
2793,reformasi
2794,reformasi
2795,reformasi
2796,reformasi
2797,reformasi
2798,reformasi
2799,reformasi
2800,pekerjaan
2801,reformasi
2802,pemerataan
2803,pertahanan
2804,reformasi
2805,reformasi
2806,ideologi
2807,reformasi
2808,reformasi
2809,reformasi
2810,pertahanan
2811,reformasi
2812,pekerjaan
2813,reformasi
2814,ideologi
2815,sdm
2816,reformasi
2817,sdm
2818,pertahanan
2819,reformasi
2820,reformasi
2821,pekerjaan
2822,reformasi
2823,reformasi
2824,pertahanan
2825,pertahanan
2826,reformasi
2827,pekerjaan
2828,sdm
2829,reformasi
2830,pertahanan
2831,ideologi
2832,reformasi
2833,reformasi
2834,reformasi
2835,harmoni
2836,reformasi
2837,reformasi
2838,sdm
2839,pekerjaan
2840,ideologi
2841,reformasi
2842,reformasi
2843,reformasi
2844,pertahanan
2845,reformasi
2846,reformasi
2847,ideologi
2848,ideologi
2849,harmoni
2850,reformasi
2851,reformasi
2852,reformasi
2853,reformasi
2854,pekerjaan
2855,pertahanan
2856,reformasi
2857,reformasi
2858,reformasi
2859,reformasi
2860,reformasi
2861,ideologi
2862,reformasi
2863,reformasi
2864,reformasi
2865,reformasi
2866,reformasi
2867,reformasi
2868,pertahanan
2869,sdm
2870,reformasi
2871,reformasi
2872,reformasi
2873,reformasi
2874,reformasi
2875,sdm
2876,pekerjaan
2877,pertahanan
2878,reformasi
2879,reformasi
2880,reformasi
2881,reformasi
2882,sdm
2883,reformasi
2884,reformasi
2885,reformasi
2886,ideologi
2887,sdm
2888,sdm
2889,reformasi
2890,ideologi
2891,reformasi
2892,reformasi
2893,reformasi
2894,pekerjaan
2895,pekerjaan
2896,ideologi
2897,reformasi
2898,reformasi
2899,pekerjaan
2900,sdm
2901,reformasi
2902,harmoni
2903,reformasi
2904,harmoni
2905,reformasi
2906,reformasi
2907,pekerjaan
2908,reformasi
2909,reformasi
2910,ideologi
2911,reformasi
2912,pekerjaan
2913,reformasi
2914,reformasi
2915,reformasi
2916,harmoni
2917,sdm
2918,reformasi
2919,reformasi
2920,harmoni
2921,reformasi
2922,reformasi
2923,ideologi
2924,pertahanan
2925,reformasi
2926,pekerjaan
2927,reformasi
2928,reformasi
2929,reformasi
2930,reformasi
2931,reformasi
2932,reformasi
2933,reformasi
2934,reformasi
2935,reformasi
2936,reformasi
2937,reformasi
2938,reformasi
2939,reformasi
2940,reformasi
2941,pertahanan
2942,sdm
2943,pertahanan
2944,harmoni
2945,reformasi
2946,reformasi
2947,pertahanan
2948,reformasi
2949,reformasi
2950,reformasi
2951,pertahanan
2952,sdm
2953,reformasi
2954,sdm
2955,reformasi
2956,reformasi
2957,reformasi
2958,reformasi
2959,pemerataan
2960,reformasi
2961,reformasi
2962,ideologi
2963,pertahanan
2964,ideologi
2965,pemerataan
2966,reformasi
2967,reformasi
2968,reformasi
2969,reformasi
2970,reformasi
2971,sdm
2972,reformasi
2973,reformasi
2974,reformasi
2975,sdm
2976,pemerataan
2977,reformasi
2978,pekerjaan
2979,reformasi
2980,pekerjaan
2981,pertahanan
2982,pekerjaan
2983,sdm
2984,pertahanan
2985,pekerjaan
2986,reformasi
2987,ideologi
2988,reformasi
2989,pekerjaan
2990,pertahanan
2991,pekerjaan
2992,reformasi
2993,reformasi
2994,reformasi
2995,reformasi
2996,pekerjaan
2997,reformasi
2998,reformasi
2999,reformasi
3000,ideologi
3001,reformasi
3002,harmoni
3003,harmoni
3004,pertahanan
3005,harmoni
3006,reformasi
3007,pekerjaan
3008,reformasi
3009,sdm
3010,reformasi
3011,ideologi
3012,reformasi
3013,reformasi
3014,ideologi
3015,harmoni
3016,ideologi
3017,pemerataan
3018,harmoni
3019,pertahanan
3020,harmoni
3021,reformasi
3022,ideologi
3023,reformasi
3024,reformasi
3025,pertahanan
3026,reformasi
3027,reformasi
3028,reformasi
3029,sdm
3030,sdm
3031,reformasi
3032,pertahanan
3033,reformasi
3034,pertahanan
3035,reformasi
3036,reformasi
3037,pekerjaan
3038,sdm
3039,reformasi
3040,ideologi
3041,pertahanan
3042,ideologi
3043,reformasi
3044,reformasi
3045,reformasi
3046,pekerjaan
3047,ideologi
3048,reformasi
3049,pertahanan
3050,reformasi
3051,reformasi
3052,reformasi
3053,reformasi
3054,ideologi
3055,pemerataan
3056,reformasi
3057,pekerjaan
3058,pertahanan
3059,ideologi
3060,ideologi
3061,reformasi
3062,reformasi
3063,reformasi
3064,reformasi
3065,reformasi
3066,reformasi
3067,pekerjaan
3068,reformasi
3069,pekerjaan
3070,reformasi
3071,reformasi
3072,pekerjaan
3073,pekerjaan
3074,reformasi
3075,reformasi
3076,ideologi
3077,reformasi
3078,harmoni
3079,reformasi
3080,reformasi
3081,pekerjaan
3082,ideologi
3083,pekerjaan
3084,reformasi
3085,reformasi
3086,reformasi
3087,reformasi
3088,reformasi
3089,reformasi
3090,pertahanan
3091,pertahanan
3092,reformasi
3093,ideologi
3094,pemerataan
3095,ideologi
3096,pekerjaan
3097,reformasi
3098,reformasi
3099,reformasi
3100,reformasi
3101,reformasi
3102,reformasi
3103,sdm
3104,reformasi
3105,pertahanan
3106,pekerjaan
3107,sdm
3108,reformasi
3109,ideologi
3110,reformasi
3111,reformasi
3112,pekerjaan
3113,pekerjaan
3114,reformasi
3115,reformasi
3116,pekerjaan
3117,reformasi
3118,ideologi
3119,pertahanan
3120,reformasi
3121,reformasi
3122,reformasi
3123,pemerataan
3124,ideologi
3125,harmoni
3126,reformasi
3127,reformasi
3128,pekerjaan
3129,ideologi
3130,harmoni
3131,reformasi
3132,reformasi
3133,reformasi
3134,reformasi
3135,pekerjaan
3136,reformasi
3137,reformasi
3138,ideologi
3139,ideologi
3140,ideologi
3141,hilirisasi
3142,reformasi
3143,harmoni
3144,reformasi
3145,pekerjaan
3146,pertahanan
3147,sdm
3148,reformasi
3149,reformasi
3150,reformasi
3151,pertahanan
3152,pertahanan
3153,pertahanan
3154,hilirisasi
3155,pertahanan
3156,pekerjaan
3157,sdm
3158,pekerjaan
3159,sdm
3160,ideologi
3161,reformasi
3162,sdm
3163,reformasi
3164,ideologi
3165,reformasi
3166,reformasi
3167,sdm
3168,pekerjaan
3169,reformasi
3170,reformasi
3171,reformasi
3172,pertahanan
3173,sdm
3174,ideologi
3175,pekerjaan
3176,pekerjaan
3177,reformasi
3178,reformasi
3179,reformasi
3180,reformasi
3181,sdm
3182,pertahanan
3183,reformasi
3184,reformasi
3185,reformasi
3186,sdm
3187,pertahanan
3188,reformasi
3189,ideologi
3190,reformasi
3191,reformasi
3192,reformasi
3193,reformasi
3194,reformasi
3195,reformasi
3196,reformasi
3197,pertahanan
3198,reformasi
3199,ideologi
3200,pertahanan
3201,pekerjaan
3202,reformasi
3203,reformasi
3204,ideologi
3205,reformasi
3206,reformasi
3207,reformasi
3208,pemerataan
3209,reformasi
3210,reformasi
3211,pekerjaan
3212,reformasi
3213,pekerjaan
3214,reformasi
3215,reformasi
3216,reformasi
3217,reformasi
3218,reformasi
3219,pekerjaan
3220,pertahanan
3221,reformasi
3222,pekerjaan
3223,ideologi
3224,pekerjaan
3225,reformasi
3226,reformasi
3227,reformasi
3228,reformasi
3229,ideologi
3230,reformasi
3231,reformasi
3232,reformasi
3233,reformasi
3234,ideologi
3235,reformasi
3236,pertahanan
3237,pertahanan
3238,pekerjaan
3239,reformasi
3240,pekerjaan
3241,harmoni
3242,pekerjaan
3243,reformasi
3244,reformasi
3245,reformasi
3246,pertahanan
3247,pertahanan
3248,reformasi
3249,pemerataan
3250,reformasi
3251,reformasi
3252,pekerjaan
3253,harmoni
3254,reformasi
3255,reformasi
3256,reformasi
3257,pekerjaan
3258,reformasi
3259,reformasi
3260,reformasi
3261,sdm
3262,pertahanan
3263,pekerjaan
3264,harmoni
3265,reformasi
3266,reformasi
3267,reformasi
3268,pekerjaan
3269,pertahanan
3270,ideologi
3271,reformasi
3272,pertahanan
3273,pekerjaan
3274,reformasi
3275,pekerjaan
3276,reformasi
3277,reformasi
3278,pertahanan
3279,reformasi
3280,ideologi
3281,ideologi
3282,ideologi
3283,pekerjaan
3284,pekerjaan
3285,pekerjaan
3286,reformasi
3287,reformasi
3288,reformasi
3289,pertahanan
3290,ideologi
3291,reformasi
3292,reformasi
3293,pekerjaan
3294,sdm
3295,reformasi
3296,ideologi
3297,pekerjaan
3298,reformasi
3299,pekerjaan
3300,reformasi
3301,pekerjaan
3302,pertahanan
3303,reformasi
3304,reformasi
3305,reformasi
3306,reformasi
3307,reformasi
3308,reformasi
3309,pemerataan
3310,sdm
3311,ideologi
3312,reformasi
3313,reformasi
3314,reformasi
3315,pertahanan
3316,pekerjaan
3317,reformasi
3318,ideologi
3319,pekerjaan
3320,reformasi
3321,reformasi
3322,ideologi
3323,sdm
3324,reformasi
3325,reformasi
3326,sdm
3327,reformasi
3328,pekerjaan
3329,ideologi
3330,pertahanan
3331,sdm
3332,reformasi
3333,ideologi
3334,reformasi
3335,reformasi
3336,ideologi
3337,reformasi
3338,harmoni
3339,reformasi
3340,reformasi
3341,reformasi
3342,pekerjaan
3343,pertahanan
3344,pekerjaan
3345,reformasi
3346,pertahanan
3347,sdm
3348,reformasi
3349,reformasi
3350,reformasi
3351,reformasi
3352,ideologi
3353,reformasi
3354,reformasi
3355,reformasi
3356,reformasi
3357,reformasi
3358,reformasi
3359,harmoni
3360,pemerataan
3361,pekerjaan
3362,reformasi
3363,reformasi
3364,sdm
3365,reformasi
3366,pertahanan
3367,reformasi
3368,reformasi
3369,pertahanan
3370,pekerjaan
3371,harmoni
3372,pekerjaan
3373,reformasi
3374,pertahanan
3375,reformasi
3376,reformasi
3377,reformasi
3378,reformasi
3379,reformasi
3380,reformasi
3381,reformasi
3382,reformasi
3383,pekerjaan
3384,reformasi
3385,reformasi
3386,pekerjaan
3387,reformasi
3388,reformasi
3389,reformasi
3390,reformasi
3391,pertahanan
3392,pekerjaan
3393,pemerataan
3394,reformasi
3395,pekerjaan
3396,reformasi
3397,reformasi
3398,harmoni
3399,harmoni
3400,reformasi
3401,reformasi
3402,ideologi
3403,reformasi
3404,reformasi
3405,reformasi
3406,reformasi
3407,harmoni
3408,ideologi
3409,ideologi
3410,pemerataan
3411,pekerjaan
3412,pekerjaan
3413,reformasi
3414,harmoni
3415,pertahanan
3416,sdm
3417,pertahanan
3418,reformasi
3419,reformasi
3420,reformasi
3421,pertahanan
3422,reformasi
3423,harmoni
3424,pekerjaan
3425,reformasi
3426,sdm
3427,reformasi
3428,pertahanan
3429,reformasi
3430,reformasi
3431,reformasi
3432,reformasi
3433,harmoni
3434,harmoni
3435,reformasi
3436,reformasi
3437,reformasi
3438,reformasi
3439,reformasi
3440,sdm
3441,pertahanan
3442,ideologi
3443,reformasi
3444,sdm
3445,reformasi
3446,reformasi
3447,reformasi
3448,reformasi
3449,pemerataan
3450,reformasi
3451,pekerjaan
3452,pemerataan
3453,ideologi
3454,reformasi
3455,pertahanan
3456,reformasi
3457,ideologi
3458,sdm
3459,reformasi
3460,reformasi
3461,ideologi
3462,reformasi
3463,pertahanan
3464,harmoni
3465,ideologi
3466,reformasi
3467,reformasi
3468,reformasi
3469,reformasi
3470,reformasi
3471,reformasi
3472,sdm
3473,reformasi
3474,reformasi
3475,pertahanan
3476,reformasi
3477,ideologi
3478,reformasi
3479,ideologi
3480,reformasi
3481,pertahanan
3482,ideologi
3483,ideologi
3484,pemerataan
3485,reformasi
3486,pekerjaan
3487,reformasi
3488,reformasi
3489,reformasi
3490,ideologi
3491,ideologi
3492,reformasi
3493,reformasi
3494,pekerjaan
3495,sdm
3496,reformasi
3497,reformasi
3498,pekerjaan
3499,reformasi
3500,ideologi
3501,reformasi
3502,ideologi
3503,reformasi
3504,reformasi
3505,reformasi
3506,pekerjaan
3507,pekerjaan
3508,reformasi
3509,reformasi
3510,pertahanan
3511,pertahanan
3512,reformasi
3513,ideologi
3514,sdm
3515,reformasi
3516,reformasi
3517,pekerjaan
3518,sdm
3519,reformasi
3520,reformasi
3521,pekerjaan
3522,reformasi
3523,pekerjaan
3524,pertahanan
3525,pertahanan
3526,sdm
3527,reformasi
3528,reformasi
3529,harmoni
3530,reformasi
3531,pertahanan
3532,sdm
3533,ideologi
3534,reformasi
3535,ideologi
3536,reformasi
3537,reformasi
3538,reformasi
3539,pekerjaan
3540,ideologi
3541,sdm
3542,reformasi
3543,reformasi
3544,reformasi
3545,pekerjaan
3546,reformasi
3547,reformasi
3548,pekerjaan
3549,reformasi
3550,pertahanan
3551,sdm
3552,reformasi
3553,reformasi
3554,reformasi
3555,sdm
3556,sdm
3557,reformasi
3558,reformasi
3559,reformasi
3560,pertahanan
3561,reformasi
3562,reformasi
3563,reformasi
3564,sdm
3565,ideologi
3566,pekerjaan
3567,reformasi
3568,pertahanan
3569,ideologi
3570,sdm
3571,reformasi
3572,reformasi
3573,reformasi
3574,ideologi
3575,ideologi
3576,reformasi
3577,ideologi
3578,pekerjaan
3579,reformasi
3580,pemerataan
3581,reformasi
3582,ideologi
3583,reformasi
3584,reformasi
3585,reformasi
3586,pertahanan
3587,reformasi
3588,ideologi
3589,sdm
3590,reformasi
3591,pertahanan
3592,reformasi
3593,reformasi
3594,reformasi
3595,harmoni
3596,pekerjaan
3597,reformasi
3598,reformasi
3599,reformasi
3600,pertahanan
3601,reformasi
3602,harmoni
3603,reformasi
3604,reformasi
3605,ideologi
3606,ideologi
3607,reformasi
3608,reformasi
3609,pemerataan
3610,ideologi
3611,ideologi
3612,reformasi
3613,reformasi
3614,reformasi
3615,sdm
3616,reformasi
3617,reformasi
3618,reformasi
3619,ideologi
3620,reformasi
3621,pekerjaan
3622,reformasi
3623,reformasi
3624,ideologi
3625,reformasi
3626,reformasi
3627,pekerjaan
3628,reformasi
3629,reformasi
3630,reformasi
3631,pekerjaan
3632,reformasi
3633,reformasi
3634,pemerataan
3635,sdm
3636,reformasi
3637,reformasi
3638,harmoni
3639,reformasi
3640,reformasi
3641,reformasi
3642,reformasi
3643,pemerataan
3644,reformasi
3645,harmoni
3646,reformasi
3647,ideologi
3648,reformasi
3649,pertahanan
3650,reformasi
3651,ideologi
3652,reformasi
3653,pertahanan
3654,reformasi
3655,ideologi
3656,pertahanan
3657,reformasi
3658,reformasi
3659,reformasi
3660,reformasi
3661,pertahanan
3662,reformasi
3663,pertahanan
3664,reformasi
3665,reformasi
3666,reformasi
3667,reformasi
3668,harmoni
3669,sdm
3670,reformasi
3671,reformasi
3672,reformasi
3673,reformasi
3674,reformasi
3675,reformasi
3676,sdm
3677,reformasi
3678,reformasi
3679,reformasi
3680,reformasi
3681,sdm
3682,reformasi
3683,reformasi
3684,pertahanan
3685,pertahanan
3686,reformasi
3687,harmoni
3688,reformasi
3689,reformasi
3690,reformasi
3691,reformasi
3692,pertahanan
3693,reformasi
3694,reformasi
3695,reformasi
3696,pekerjaan
3697,reformasi
3698,pertahanan
3699,reformasi
3700,reformasi
3701,reformasi
3702,ideologi
3703,pekerjaan
3704,reformasi
3705,sdm
3706,reformasi
3707,reformasi
3708,pertahanan
3709,reformasi
3710,pekerjaan
3711,pertahanan
3712,reformasi
3713,pekerjaan
3714,reformasi
3715,sdm
3716,reformasi
3717,reformasi
3718,reformasi
3719,reformasi
3720,reformasi
3721,pekerjaan
3722,reformasi
3723,reformasi
3724,ideologi
3725,reformasi
3726,reformasi
3727,pertahanan
3728,sdm
3729,reformasi
3730,reformasi
3731,reformasi
3732,harmoni
3733,reformasi
3734,pekerjaan
3735,reformasi
3736,reformasi
3737,ideologi
3738,pemerataan
3739,pertahanan
3740,reformasi
3741,harmoni
3742,pekerjaan
3743,ideologi
3744,reformasi
3745,reformasi
3746,pertahanan
3747,reformasi
3748,reformasi
3749,sdm
3750,pertahanan
3751,reformasi
3752,reformasi
3753,pemerataan
3754,pemerataan
3755,reformasi
3756,sdm
3757,reformasi
3758,pekerjaan
3759,sdm
3760,reformasi
3761,pekerjaan
3762,reformasi
3763,pekerjaan
3764,ideologi
3765,reformasi
3766,reformasi
3767,reformasi
3768,reformasi
3769,ideologi
3770,reformasi
3771,reformasi
3772,ideologi
3773,pekerjaan
3774,reformasi
3775,reformasi
3776,pekerjaan
3777,reformasi
3778,ideologi
3779,reformasi
3780,reformasi
3781,reformasi
3782,ideologi
3783,reformasi
3784,reformasi
3785,reformasi
3786,pertahanan
3787,reformasi
3788,reformasi
3789,reformasi
3790,reformasi
3791,reformasi
3792,ideologi
3793,ideologi
3794,pertahanan
3795,reformasi
3796,pertahanan
3797,reformasi
3798,ideologi
3799,reformasi
3800,reformasi
3801,harmoni
3802,ideologi
3803,reformasi
3804,reformasi
3805,reformasi
3806,reformasi
3807,reformasi
3808,reformasi
3809,reformasi
3810,reformasi
3811,reformasi
3812,harmoni
3813,ideologi
3814,pertahanan
3815,reformasi
3816,pekerjaan
3817,reformasi
3818,reformasi
3819,reformasi
3820,reformasi
3821,pertahanan
3822,reformasi
3823,reformasi
3824,reformasi
3825,ideologi
3826,reformasi
3827,ideologi
3828,reformasi
3829,reformasi
3830,reformasi
3831,reformasi
3832,harmoni
3833,ideologi
3834,reformasi
3835,reformasi
3836,reformasi
3837,reformasi
3838,reformasi
3839,ideologi
3840,reformasi
3841,pekerjaan
3842,sdm
3843,reformasi
3844,reformasi
3845,pertahanan
3846,reformasi
3847,reformasi
3848,ideologi
3849,ideologi
3850,reformasi
3851,reformasi
3852,reformasi
3853,reformasi
3854,reformasi
3855,ideologi
3856,reformasi
3857,pekerjaan
3858,reformasi
3859,harmoni
3860,reformasi
3861,reformasi
3862,pekerjaan
3863,pertahanan
3864,pekerjaan
3865,reformasi
3866,reformasi
3867,reformasi
3868,sdm
3869,ideologi
3870,pertahanan
3871,reformasi
3872,reformasi
3873,reformasi
3874,reformasi
3875,reformasi
3876,reformasi
3877,pekerjaan
3878,sdm
3879,pertahanan
3880,pertahanan
3881,ideologi
3882,pertahanan
3883,reformasi
3884,sdm
3885,pertahanan
3886,ideologi
3887,reformasi
3888,reformasi
3889,reformasi
3890,pekerjaan
3891,reformasi
3892,ideologi
3893,pertahanan
3894,reformasi
3895,reformasi
3896,reformasi
3897,pekerjaan
3898,reformasi
3899,reformasi
3900,reformasi
3901,sdm
3902,pekerjaan
3903,reformasi
3904,harmoni
3905,reformasi
3906,reformasi
3907,ideologi
3908,pekerjaan
3909,reformasi
3910,reformasi
3911,reformasi
3912,pekerjaan
3913,reformasi
3914,reformasi
3915,reformasi
3916,reformasi
3917,reformasi
3918,reformasi
3919,pekerjaan
3920,harmoni
3921,reformasi
3922,pertahanan
3923,reformasi
3924,ideologi
3925,reformasi
3926,sdm
3927,reformasi
3928,sdm
3929,pertahanan
3930,reformasi
3931,pekerjaan
3932,reformasi
3933,reformasi
3934,pekerjaan
3935,sdm
3936,reformasi
3937,pekerjaan
3938,pekerjaan
3939,reformasi
3940,reformasi
3941,pekerjaan
3942,reformasi
3943,reformasi
3944,ideologi
3945,reformasi
3946,sdm
3947,pekerjaan
3948,reformasi
3949,pekerjaan
3950,reformasi
3951,reformasi
3952,reformasi
3953,reformasi
3954,pertahanan
3955,ideologi
3956,reformasi
3957,reformasi
3958,reformasi
3959,reformasi
3960,pertahanan
3961,reformasi
3962,reformasi
3963,reformasi
3964,reformasi
3965,sdm
3966,reformasi
3967,reformasi
3968,reformasi
3969,harmoni
3970,reformasi
3971,pertahanan
3972,ideologi
3973,pekerjaan
3974,reformasi
3975,reformasi
3976,reformasi
3977,pemerataan
3978,reformasi
3979,sdm
3980,pertahanan
3981,ideologi
3982,harmoni
3983,pekerjaan
3984,reformasi
3985,sdm
3986,reformasi
3987,pertahanan
3988,reformasi
3989,reformasi
3990,reformasi
3991,harmoni
3992,ideologi
3993,ideologi
3994,reformasi
3995,pertahanan
3996,reformasi
3997,reformasi
3998,reformasi
3999,reformasi
4000,reformasi
4001,reformasi
4002,reformasi
4003,reformasi
4004,reformasi
4005,pertahanan
4006,ideologi
4007,reformasi
4008,reformasi
4009,reformasi
4010,reformasi
4011,pekerjaan
4012,harmoni
4013,reformasi
4014,pertahanan
4015,ideologi
4016,reformasi
4017,reformasi
4018,harmoni
4019,reformasi
4020,pekerjaan
4021,reformasi
4022,pertahanan
4023,sdm
4024,hilirisasi
4025,sdm
4026,harmoni
4027,reformasi
4028,reformasi
4029,reformasi
4030,pekerjaan
4031,sdm
4032,hilirisasi
4033,reformasi
4034,reformasi
4035,reformasi
4036,reformasi
4037,reformasi
4038,pertahanan
4039,reformasi
4040,reformasi
4041,ideologi
4042,ideologi
4043,reformasi
4044,pekerjaan
4045,reformasi
4046,reformasi
4047,reformasi
4048,pemerataan
4049,reformasi
4050,pekerjaan
4051,reformasi
4052,reformasi
4053,reformasi
4054,reformasi
4055,reformasi
4056,reformasi
4057,sdm
4058,ideologi
4059,pertahanan
4060,reformasi
4061,reformasi
4062,pekerjaan
4063,ideologi
4064,reformasi
4065,ideologi
4066,reformasi
4067,pekerjaan
4068,reformasi
4069,reformasi
4070,reformasi
4071,reformasi
4072,reformasi
4073,reformasi
4074,reformasi
4075,reformasi
4076,reformasi
4077,pekerjaan
4078,ideologi
4079,reformasi
4080,reformasi
4081,reformasi
4082,reformasi
4083,pekerjaan
4084,ideologi
4085,pekerjaan
4086,pertahanan
4087,pertahanan
4088,reformasi
4089,sdm
4090,reformasi
4091,reformasi
4092,reformasi
4093,reformasi
4094,pekerjaan
4095,pekerjaan
4096,ideologi
4097,reformasi
4098,ideologi
4099,ideologi
4100,pekerjaan
4101,pertahanan
4102,reformasi
4103,reformasi
4104,reformasi
4105,reformasi
4106,sdm
4107,reformasi
4108,ideologi
4109,ideologi
4110,reformasi
4111,reformasi
4112,pertahanan
4113,sdm
4114,harmoni
4115,ideologi
4116,reformasi
4117,reformasi
4118,pekerjaan
4119,reformasi
4120,reformasi
4121,reformasi
4122,reformasi
4123,ideologi
4124,reformasi
4125,reformasi
4126,ideologi
4127,harmoni
4128,pekerjaan
4129,reformasi
4130,pekerjaan
4131,reformasi
4132,reformasi
4133,pekerjaan
4134,ideologi
4135,reformasi
4136,pertahanan
4137,reformasi
4138,reformasi
4139,pekerjaan
4140,reformasi
4141,reformasi
4142,pemerataan
4143,reformasi
4144,reformasi
4145,reformasi
4146,ideologi
4147,ideologi
4148,sdm
4149,reformasi
4150,reformasi
4151,reformasi
4152,ideologi
4153,pertahanan
4154,sdm
4155,pekerjaan
4156,ideologi
4157,sdm
4158,reformasi
4159,reformasi
4160,reformasi
4161,reformasi
4162,ideologi
4163,pertahanan
4164,sdm
4165,sdm
4166,reformasi
4167,reformasi
4168,ideologi
4169,reformasi
4170,pertahanan
4171,reformasi
4172,pekerjaan
4173,reformasi
4174,reformasi
4175,harmoni
4176,reformasi
4177,sdm
4178,reformasi
4179,pemerataan
4180,sdm
4181,reformasi
4182,reformasi
4183,pekerjaan
4184,pertahanan
4185,reformasi
4186,reformasi
4187,reformasi
4188,reformasi
4189,harmoni
4190,ideologi
4191,reformasi
4192,reformasi
4193,ideologi
4194,reformasi
4195,pertahanan
4196,reformasi
4197,reformasi
4198,pekerjaan
4199,reformasi
4200,ideologi
4201,reformasi
4202,reformasi
4203,ideologi
4204,pekerjaan
4205,ideologi
4206,reformasi
4207,reformasi
4208,reformasi
4209,sdm
4210,reformasi
4211,pekerjaan
4212,reformasi
4213,ideologi
4214,reformasi
4215,reformasi
4216,pertahanan
4217,reformasi
4218,reformasi
4219,reformasi
4220,reformasi
4221,reformasi
4222,sdm
4223,pertahanan
4224,sdm
4225,reformasi
4226,pertahanan
4227,reformasi
4228,sdm
4229,reformasi
4230,reformasi
4231,pertahanan
4232,pemerataan
4233,pekerjaan
4234,pekerjaan
4235,reformasi
4236,reformasi
4237,reformasi
4238,reformasi
4239,reformasi
4240,pekerjaan
4241,pekerjaan
4242,reformasi
4243,harmoni
4244,pertahanan
4245,sdm
4246,pekerjaan
4247,sdm
4248,reformasi
4249,reformasi
4250,pekerjaan
4251,reformasi
4252,reformasi
4253,pekerjaan
4254,pekerjaan
4255,reformasi
4256,sdm
4257,harmoni
4258,reformasi
4259,reformasi
4260,reformasi
4261,reformasi
4262,reformasi
4263,pertahanan
4264,reformasi
4265,reformasi
4266,reformasi
4267,reformasi
4268,reformasi
4269,reformasi
4270,ideologi
4271,ideologi
4272,reformasi
4273,reformasi
4274,pekerjaan
4275,reformasi
4276,pekerjaan
4277,reformasi
4278,reformasi
4279,ideologi
4280,reformasi
4281,reformasi
4282,reformasi
4283,pekerjaan
4284,reformasi
4285,pertahanan
4286,reformasi
4287,pekerjaan
4288,pertahanan
4289,pekerjaan
4290,ideologi
4291,reformasi
4292,pertahanan
4293,reformasi
4294,sdm
4295,ideologi
4296,sdm
4297,ideologi
4298,reformasi
4299,reformasi
4300,pertahanan
4301,reformasi
4302,reformasi
4303,reformasi
4304,reformasi
4305,ideologi
4306,reformasi
4307,sdm
4308,sdm
4309,reformasi
4310,harmoni
4311,pekerjaan
4312,reformasi
4313,pekerjaan
4314,pekerjaan
4315,reformasi
4316,pertahanan
4317,ideologi
4318,reformasi
4319,pekerjaan
4320,sdm
4321,reformasi
4322,reformasi
4323,pekerjaan
4324,reformasi
4325,reformasi
4326,reformasi
4327,reformasi
4328,pekerjaan
4329,reformasi
4330,pertahanan
4331,sdm
4332,ideologi
4333,ideologi
4334,pemerataan
4335,reformasi
4336,reformasi
4337,reformasi
4338,reformasi
4339,hilirisasi
4340,reformasi
4341,reformasi
4342,reformasi
4343,pemerataan
4344,ideologi
4345,reformasi
4346,reformasi
4347,ideologi
4348,ideologi
4349,sdm
4350,sdm
4351,pekerjaan
4352,reformasi
4353,reformasi
4354,pekerjaan
4355,reformasi
4356,reformasi
4357,reformasi
4358,reformasi
4359,pekerjaan
4360,reformasi
4361,reformasi
4362,reformasi
4363,reformasi
4364,ideologi
4365,pekerjaan
4366,sdm
4367,reformasi
4368,ideologi
4369,reformasi
4370,reformasi
4371,reformasi
4372,reformasi
4373,reformasi
4374,reformasi
4375,pekerjaan
4376,reformasi
4377,reformasi
4378,pekerjaan
4379,reformasi
4380,reformasi
4381,reformasi
4382,pertahanan
4383,pertahanan
4384,pertahanan
4385,reformasi
4386,reformasi
4387,reformasi
4388,reformasi
4389,reformasi
4390,reformasi
4391,pekerjaan
4392,reformasi
4393,harmoni
4394,reformasi
4395,pertahanan
4396,pertahanan
4397,harmoni
4398,reformasi
4399,pertahanan
4400,pekerjaan
4401,reformasi
4402,reformasi
4403,reformasi
4404,reformasi
4405,reformasi
4406,reformasi
4407,reformasi
4408,reformasi
4409,reformasi
4410,ideologi
4411,ideologi
4412,harmoni
4413,reformasi
4414,reformasi
4415,reformasi
4416,reformasi
4417,reformasi
4418,reformasi
4419,ideologi
4420,reformasi
4421,pertahanan
4422,pertahanan
4423,pemerataan
4424,reformasi
4425,reformasi
4426,reformasi
4427,reformasi
4428,reformasi
4429,reformasi
4430,reformasi
4431,reformasi
4432,sdm
4433,harmoni
4434,reformasi
4435,reformasi
4436,reformasi
4437,reformasi
4438,reformasi
4439,pemerataan
4440,reformasi
4441,reformasi
4442,reformasi
4443,reformasi
4444,reformasi
4445,reformasi
4446,pertahanan
4447,reformasi
4448,reformasi
4449,reformasi
4450,pertahanan
4451,reformasi
4452,reformasi
4453,sdm
4454,reformasi
4455,pekerjaan
4456,reformasi
4457,reformasi
4458,pertahanan
4459,reformasi
4460,reformasi
4461,sdm
4462,reformasi
4463,reformasi
4464,reformasi
4465,reformasi
4466,sdm
4467,sdm
4468,pekerjaan
4469,reformasi
4470,harmoni
4471,reformasi
4472,reformasi
4473,reformasi
4474,reformasi
4475,reformasi
4476,reformasi
4477,reformasi
4478,reformasi
4479,pekerjaan
4480,ideologi
4481,pertahanan
4482,reformasi
4483,pemerataan
4484,reformasi
4485,reformasi
4486,reformasi
4487,reformasi
4488,reformasi
4489,pertahanan
4490,pertahanan
4491,reformasi
4492,reformasi
4493,pekerjaan
4494,reformasi
4495,pekerjaan
4496,reformasi
4497,reformasi
4498,ideologi
4499,reformasi
4500,pertahanan
4501,sdm
4502,pekerjaan
4503,reformasi
4504,reformasi
4505,ideologi
4506,pertahanan
4507,harmoni
4508,reformasi
4509,sdm
4510,reformasi
4511,sdm
4512,ideologi
4513,ideologi
4514,reformasi
4515,reformasi
4516,reformasi
4517,ideologi
4518,reformasi
4519,reformasi
4520,reformasi
4521,reformasi
4522,reformasi
4523,sdm
4524,reformasi
4525,sdm
4526,sdm
4527,ideologi
4528,reformasi
4529,reformasi
4530,pertahanan
4531,reformasi
4532,reformasi
4533,sdm
4534,pekerjaan
4535,pertahanan
4536,reformasi
4537,reformasi
4538,reformasi
4539,reformasi
4540,reformasi
4541,reformasi
4542,reformasi
4543,reformasi
4544,pertahanan
4545,reformasi
4546,ideologi
4547,reformasi
4548,reformasi
4549,sdm
4550,reformasi
4551,reformasi
4552,reformasi
4553,reformasi
4554,pekerjaan
4555,reformasi
4556,reformasi
4557,ideologi
4558,pekerjaan
4559,reformasi
4560,pekerjaan
4561,reformasi
4562,reformasi
4563,reformasi
4564,pekerjaan
4565,reformasi
4566,pertahanan
4567,ideologi
4568,reformasi
4569,reformasi
4570,pekerjaan
4571,pertahanan
4572,pemerataan
4573,reformasi
4574,reformasi
4575,pertahanan
4576,reformasi
4577,reformasi
4578,reformasi
4579,reformasi
4580,reformasi
4581,reformasi
4582,reformasi
4583,reformasi
4584,sdm
4585,reformasi
4586,harmoni
4587,reformasi
4588,ideologi
4589,reformasi
4590,reformasi
4591,harmoni
4592,reformasi
4593,sdm
4594,reformasi
4595,reformasi
4596,reformasi
4597,reformasi
4598,reformasi
4599,pertahanan
4600,pertahanan
4601,pekerjaan
4602,pertahanan
4603,reformasi
4604,pekerjaan
4605,reformasi
4606,reformasi
4607,reformasi
4608,reformasi
4609,reformasi
4610,reformasi
4611,reformasi
4612,reformasi
4613,reformasi
4614,pertahanan
4615,reformasi
4616,reformasi
4617,reformasi
4618,pertahanan
4619,reformasi
4620,reformasi
4621,sdm
4622,reformasi
4623,reformasi
4624,pekerjaan
4625,reformasi
4626,reformasi
4627,pekerjaan
4628,pertahanan
4629,reformasi
4630,reformasi
4631,reformasi
4632,sdm
4633,pertahanan
4634,sdm
4635,reformasi
4636,reformasi
4637,reformasi
4638,ideologi
4639,ideologi
4640,reformasi
4641,reformasi
4642,reformasi
4643,pertahanan
4644,pemerataan
4645,reformasi
4646,pertahanan
4647,ideologi
4648,ideologi
4649,reformasi
4650,reformasi
4651,reformasi
4652,pertahanan
4653,reformasi
4654,harmoni
4655,reformasi
4656,reformasi
4657,reformasi
4658,reformasi
4659,pertahanan
4660,ideologi
4661,reformasi
4662,pekerjaan
4663,harmoni
4664,ideologi
4665,harmoni
4666,pertahanan
4667,reformasi
4668,pertahanan
4669,reformasi
4670,reformasi
4671,harmoni
4672,pertahanan
4673,reformasi
4674,pertahanan
4675,reformasi
4676,sdm
4677,ideologi
4678,sdm
4679,pekerjaan
4680,reformasi
4681,pertahanan
4682,reformasi
4683,reformasi
4684,pekerjaan
4685,sdm
4686,reformasi
4687,reformasi
4688,reformasi
4689,pertahanan
4690,pekerjaan
4691,reformasi
4692,pertahanan
4693,pertahanan
4694,reformasi
4695,pekerjaan
4696,harmoni
4697,pekerjaan
4698,reformasi
4699,reformasi
4700,pekerjaan
4701,reformasi
4702,reformasi
4703,pertahanan
4704,pertahanan
4705,reformasi
4706,pertahanan
4707,reformasi
4708,reformasi
4709,pekerjaan
4710,pekerjaan
4711,pertahanan
4712,reformasi
4713,ideologi
4714,pertahanan
4715,reformasi
4716,reformasi
4717,hilirisasi
4718,reformasi
4719,reformasi
4720,pekerjaan
4721,reformasi
4722,ideologi
4723,sdm
4724,ideologi
4725,pekerjaan
4726,reformasi
4727,reformasi
4728,sdm
4729,reformasi
4730,harmoni
4731,reformasi
4732,pemerataan
4733,reformasi
4734,sdm
4735,pertahanan
4736,ideologi
4737,reformasi
4738,reformasi
4739,ideologi
4740,pertahanan
4741,pertahanan
4742,reformasi
4743,pertahanan
4744,pekerjaan
4745,ideologi
4746,reformasi
4747,reformasi
4748,pekerjaan
4749,pertahanan
4750,reformasi
4751,reformasi
4752,reformasi
4753,reformasi
4754,reformasi
4755,reformasi
4756,ideologi
4757,pertahanan
4758,pekerjaan
4759,reformasi
4760,reformasi
4761,reformasi
4762,reformasi
4763,reformasi
4764,reformasi
4765,ideologi
4766,reformasi
4767,pertahanan
4768,reformasi
4769,reformasi
4770,sdm
4771,pekerjaan
4772,reformasi
4773,reformasi
4774,reformasi
4775,ideologi
4776,pekerjaan
4777,reformasi
4778,pekerjaan
4779,pertahanan
4780,ideologi
4781,reformasi
4782,pertahanan
4783,reformasi
4784,reformasi
4785,ideologi
4786,pertahanan
4787,reformasi
4788,reformasi
4789,reformasi
4790,pekerjaan
4791,reformasi
4792,reformasi
4793,pekerjaan
4794,sdm
4795,ideologi
4796,reformasi
4797,hilirisasi
4798,reformasi
4799,ideologi
4800,pekerjaan
4801,hilirisasi
4802,reformasi
4803,ideologi
4804,ideologi
4805,pekerjaan
4806,reformasi
4807,reformasi
4808,reformasi
4809,reformasi
4810,pertahanan
4811,reformasi
4812,sdm
4813,reformasi
4814,reformasi
4815,ideologi
4816,ideologi
4817,ideologi
4818,pekerjaan
4819,reformasi
4820,reformasi
4821,reformasi
4822,reformasi
4823,harmoni
4824,ideologi
4825,ideologi
4826,ideologi
4827,reformasi
4828,reformasi
4829,reformasi
4830,reformasi
4831,pekerjaan
4832,reformasi
4833,pekerjaan
4834,pertahanan
4835,harmoni
4836,hilirisasi
4837,reformasi
4838,reformasi
4839,reformasi
4840,reformasi
4841,harmoni
4842,reformasi
4843,pekerjaan
4844,sdm
4845,pertahanan
4846,reformasi
4847,ideologi
4848,reformasi
4849,harmoni
4850,reformasi
4851,reformasi
4852,ideologi
4853,reformasi
4854,pertahanan
4855,ideologi
4856,reformasi
4857,pekerjaan
4858,ideologi
4859,reformasi
4860,reformasi
4861,pekerjaan
4862,ideologi
4863,pertahanan
4864,reformasi
4865,ideologi
4866,reformasi
4867,reformasi
4868,reformasi
4869,harmoni
4870,ideologi
4871,reformasi
4872,reformasi
4873,reformasi
4874,reformasi
4875,ideologi
4876,reformasi
4877,pertahanan
4878,harmoni
4879,sdm
4880,sdm
4881,reformasi
4882,pertahanan
4883,reformasi
4884,sdm
4885,reformasi
4886,pekerjaan
4887,reformasi
4888,pertahanan
4889,ideologi
4890,reformasi
4891,pekerjaan
4892,pekerjaan
4893,reformasi
4894,pertahanan
4895,reformasi
4896,reformasi
4897,ideologi
4898,harmoni
4899,sdm
4900,reformasi
4901,reformasi
4902,reformasi
4903,reformasi
4904,pekerjaan
4905,reformasi
4906,reformasi
4907,pertahanan
4908,ideologi
4909,hilirisasi
4910,reformasi
4911,reformasi
4912,reformasi
4913,reformasi
4914,reformasi
4915,reformasi
4916,harmoni
4917,reformasi
4918,reformasi
4919,reformasi
4920,reformasi
4921,pertahanan
4922,pertahanan
4923,reformasi
4924,reformasi
4925,harmoni
4926,pekerjaan
4927,reformasi
4928,reformasi
4929,pekerjaan
4930,pekerjaan
4931,hilirisasi
4932,sdm
4933,harmoni
4934,reformasi
4935,ideologi
4936,sdm
4937,pemerataan
4938,reformasi
4939,reformasi
4940,reformasi
4941,reformasi
4942,pertahanan
4943,reformasi
4944,sdm
4945,reformasi
4946,reformasi
4947,ideologi
4948,reformasi
4949,reformasi
4950,sdm
4951,harmoni
4952,reformasi
4953,reformasi
4954,hilirisasi
4955,reformasi
4956,reformasi
4957,reformasi
4958,reformasi
4959,reformasi
4960,harmoni
4961,sdm
4962,harmoni
4963,reformasi
4964,sdm
4965,harmoni
4966,reformasi
4967,reformasi
4968,pekerjaan
4969,reformasi
4970,reformasi
4971,pertahanan
4972,reformasi
4973,reformasi
4974,harmoni
4975,reformasi
4976,reformasi
4977,pemerataan
4978,reformasi
4979,reformasi
4980,reformasi
4981,pertahanan
4982,pekerjaan
4983,reformasi
4984,reformasi
4985,sdm
4986,reformasi
4987,reformasi
4988,reformasi
4989,ideologi
4990,pertahanan
4991,ideologi
4992,reformasi
4993,pertahanan
4994,reformasi
4995,pekerjaan
4996,reformasi
4997,reformasi
4998,pemerataan
4999,reformasi
